Time,Status,Focus %
1,Focused,100
1,Focused,100
1,Focused,100
1,Focused,100
1,Focused,100
2,Focused,100
2,Sleeping,85
2,Focused,87
2,Focused,88
2,Focused,90
2,Focused,90
2,Focused,91
2,Focused,92
2,Focused,92
2,Focused,93
3,Focused,93
3,Focused,94
3,Focused,94
3,Focused,94
3,Focused,95
3,Focused,95
3,Focused,95
3,Focused,95
3,Focused,95
3,Focused,96
3,Focused,96
3,Focused,96
3,Focused,96
4,Distracted,93
4,Focused,93
4,Focused,93
4,Distracted,90
4,Distracted,87
5,Distracted,85
5,Focused,85
5,Focused,86
5,Focused,86
5,Focused,86
5,Focused,87
5,Sleeping,85
6,Sleeping,82
6,Sleeping,80
6,Distracted,79
6,Focused,79
7,Distracted,77
7,Distracted,76
7,Sleeping,74
7,Focused,75
7,Focused,75
7,Focused,76
8,Focused,76
8,Focused,76
8,Focused,77
8,Focused,77
8,Focused,78
8,Focused,78
8,Focused,78
8,Focused,79
8,Focused,79
8,Focused,80
8,Focused,80
9,Distracted,79
9,Focused,79
9,Sleeping,78
9,Focused,78
9,Focused,78
9,Focused,79
9,Focused,79
9,Focused,79
9,Focused,80
10,Focused,80
10,Focused,80
10,Focused,80
10,Sleeping,79
10,Distracted,78
10,Focused,78
10,Focused,79
11,Focused,79
11,Sleeping,78
11,Focused,78
11,Focused,79
11,Focused,79
11,Focused,79
11,Focused,79
11,Focused,80
11,Focused,80
11,Focused,80
11,Focused,80
12,Focused,80
12,Focused,81
12,Focused,81
12,Focused,81
12,Focused,81
12,Focused,81
12,Focused,82
12,Focused,82
12,Focused,82
12,Focused,82
12,Focused,82
12,Focused,83
12,Focused,83
12,Focused,83
13,Focused,83
13,Focused,83
13,Focused,83
13,Focused,83
13,Focused,84
13,Focused,84
13,Focused,84
13,Focused,84
13,Focused,84
13,Focused,84
13,Focused,84
13,Focused,85
13,Focused,85
13,Focused,85
14,Focused,85
14,Focused,85
14,Focused,85
14,Focused,85
14,Focused,85
14,Focused,86
14,Focused,86
14,Focused,86
14,Focused,86
14,Focused,86
14,Sleeping,85
15,Focused,85
15,Focused,86
15,Focused,86
15,Focused,86
15,Focused,86
15,Focused,86
15,Focused,86
15,Focused,86
15,Focused,86
15,Focused,86
15,Focused,86
15,Focused,87
15,Focused,87
16,Focused,87
16,Focused,87
16,Focused,87
16,Focused,87
16,Focused,87
16,Focused,87
16,Focused,87
16,Focused,87
16,Focused,87
16,Focused,88
16,Focused,88
16,Focused,88
17,Focused,88
17,Focused,88
17,Focused,88
17,Focused,88
17,Focused,88
17,Focused,88
17,Focused,88
17,Focused,88
17,Focused,88
17,Focused,88
17,Focused,88
17,Focused,89
17,Focused,89
17,Focused,89
17,Focused,89
17,Focused,89
18,Focused,89
18,Focused,89
18,Focused,89
18,Focused,89
18,Focused,89
18,Focused,89
18,Focused,89
18,Focused,89
18,Focused,89
18,Focused,89
18,Focused,89
18,Focused,90
18,Focused,90
18,Focused,90
18,Focused,90
19,Focused,90
19,Focused,90
19,Sleeping,89
19,Focused,89
19,Focused,89
19,Focused,89
19,Focused,90
19,Focused,90
19,Focused,90
19,Focused,90
20,Focused,90
20,Focused,90
20,Focused,90
20,Focused,90
20,Focused,90
20,Focused,90
20,Focused,90
20,Sleeping,90
21,Distracted,89
21,Distracted,89
21,Focused,89
21,Focused,89
21,Focused,89
21,Focused,89
21,Focused,89
21,Focused,89
21,Focused,89
21,Focused,89
22,Focused,89
22,Focused,89
22,Focused,89
22,Focused,89
22,Focused,89
22,Focused,89
22,Focused,89
22,Focused,89
22,Focused,90
22,Focused,90
22,Focused,90
22,Focused,90
22,Focused,90
22,Focused,90
22,Focused,90
22,Focused,90
22,Focused,90
22,Focused,90
22,Focused,90
23,Focused,90
23,Focused,90
23,Focused,90
23,Focused,90
23,Distracted,90
23,Distracted,89
23,Distracted,89
24,Distracted,89
24,Sleeping,88
24,Sleeping,88
25,Sleeping,87
25,Focused,88
25,Focused,88
25,Focused,88
25,Focused,88
25,Focused,88
25,Focused,88
25,Focused,88
25,Sleeping,87
25,Distracted,87
26,Sleeping,87
26,Sleeping,86
26,Sleeping,86
26,Focused,86
27,Focused,86
27,Focused,86
27,Focused,86
27,Focused,86
27,Distracted,86
27,Distracted,86
27,Focused,86
27,Focused,86
27,Focused,86
27,Focused,86
27,Focused,86
27,Focused,86
27,Focused,86
27,Focused,86
27,Focused,86
27,Focused,86
27,Focused,86
27,Focused,86
28,Focused,86
28,Focused,86
28,Focused,86
28,Focused,86
28,Focused,87
28,Focused,87
28,Focused,87
28,Focused,87
28,Focused,87
28,Focused,87
28,Focused,87
28,Focused,87
28,Focused,87
28,Focused,87
28,Focused,87
28,Focused,87
28,Focused,87
28,Focused,87
28,Focused,87
28,Focused,87
28,Focused,87
28,Focused,87
28,Focused,87
28,Focused,87
28,Focused,87
28,Focused,87
28,Focused,87
28,Focused,88
28,Focused,88
28,Focused,88
29,Focused,88
29,Focused,88
29,Focused,88
29,Focused,88
29,Focused,88
29,Focused,88
29,Focused,88
29,Focused,88
29,Focused,88
29,Focused,88
29,Focused,88
29,Focused,88
29,Focused,88
29,Focused,88
29,Focused,88
29,Focused,88
29,Focused,88
29,Focused,88
29,Focused,88
29,Focused,88
29,Focused,88
29,Focused,88
29,Focused,88
29,Focused,88
29,Focused,88
29,Focused,89
29,Focused,89
29,Focused,89
29,Focused,89
30,Focused,89
30,Focused,89
30,Focused,89
30,Focused,89
30,Focused,89
30,Focused,89
30,Focused,89
30,Focused,89
30,Focused,89
30,Focused,89
30,Focused,89
30,Focused,89
30,Focused,89
30,Focused,89
30,Focused,89
30,Focused,89
30,Focused,89
30,Focused,89
30,Focused,89
30,Focused,89
30,Focused,89
30,Focused,89
30,Focused,89
30,Focused,89
30,Focused,89
30,Focused,89
30,Focused,89
30,Focused,89
30,Focused,90
30,Focused,90
31,Focused,90
31,Focused,90
31,Focused,90
31,Focused,90
31,Focused,90
31,Focused,90
31,Focused,90
31,Focused,90
31,Focused,90
31,Focused,90
31,Focused,90
31,Focused,90
31,Focused,90
31,Focused,90
31,Focused,90
31,Focused,90
31,Focused,90
31,Focused,90
31,Focused,90
31,Focused,90
31,Focused,90
31,Focused,90
31,Focused,90
31,Focused,90
31,Focused,90
31,Focused,90
31,Focused,90
31,Focused,90
31,Focused,90
31,Focused,90
31,Focused,90
32,Focused,90
32,Focused,90
32,Focused,90
32,Focused,90
32,Focused,90
32,Focused,90
32,Focused,90
32,Focused,91
32,Focused,91
32,Focused,91
32,Focused,91
32,Focused,91
32,Focused,91
32,Focused,91
32,Focused,91
32,Focused,91
32,Focused,91
32,Focused,91
32,Focused,91
32,Focused,91
32,Focused,91
32,Focused,91
32,Focused,91
32,Focused,91
32,Focused,91
32,Focused,91
32,Focused,91
32,Focused,91
32,Focused,91
32,Focused,91
33,Focused,91
33,Focused,91
33,Focused,91
33,Focused,91
33,Focused,91
33,Focused,91
33,Focused,91
33,Focused,91
33,Focused,91
33,Focused,91
33,Focused,91
33,Focused,91
33,Focused,91
33,Focused,91
33,Focused,91
33,Focused,91
33,Focused,91
33,Focused,91
33,Focused,91
33,Focused,91
33,Focused,91
33,Focused,91
33,Focused,91
33,Focused,91
33,Focused,91
33,Focused,91
33,Focused,91
33,Focused,92
33,Focused,92
33,Focused,92
34,Focused,92
34,Focused,92
34,Focused,92
34,Focused,92
34,Focused,92
34,Focused,92
34,Focused,92
34,Focused,92
34,Focused,92
34,Focused,92
34,Focused,92
34,Focused,92
34,Focused,92
34,Focused,92
34,Focused,92
34,Focused,92
34,Focused,92
34,Focused,92
34,Focused,92
34,Focused,92
34,Focused,92
34,Focused,92
34,Focused,92
34,Focused,92
34,Focused,92
34,Focused,92
34,Focused,92
34,Focused,92
34,Focused,92
34,Focused,92
35,Focused,92
35,Focused,92
35,Focused,92
35,Focused,92
35,Focused,92
35,Focused,92
35,Focused,92
35,Focused,92
35,Focused,92
35,Focused,92
35,Focused,92
35,Focused,92
35,Focused,92
35,Focused,92
35,Focused,92
35,Focused,92
35,Focused,92
35,Focused,92
35,Focused,92
35,Focused,92
35,Focused,92
35,Focused,92
35,Focused,92
35,Focused,92
35,Focused,92
35,Focused,92
35,Focused,92
35,Focused,92
35,Focused,92
36,Focused,92
36,Focused,92
36,Focused,92
36,Focused,93
36,Focused,93
36,Focused,93
36,Focused,93
36,Focused,93
36,Focused,93
36,Focused,93
36,Focused,93
36,Distracted,92
36,No Face,92
36,No Face,92
36,No Face,92
36,No Face,92
36,No Face,92
36,No Face,91
36,No Face,91
36,Focused,91
36,Focused,91
37,Distracted,91
37,Distracted,91
37,No Face,91
37,No Face,91
37,No Face,90
37,No Face,90
37,No Face,90
37,No Face,90
37,No Face,90
37,No Face,90
37,No Face,89
37,No Face,89
37,No Face,89
37,No Face,89
37,No Face,89
37,No Face,89
37,No Face,88
37,No Face,88
37,No Face,88
37,No Face,88
37,No Face,88
37,No Face,88
37,No Face,87
38,No Face,87
38,No Face,87
38,No Face,87
38,No Face,87
38,No Face,87
38,No Face,86
38,No Face,86
38,No Face,86
38,No Face,86
38,No Face,86
38,No Face,86
38,No Face,86
38,No Face,85
38,No Face,85
38,No Face,85
38,No Face,85
38,No Face,85
38,No Face,85
38,No Face,85
38,No Face,84
38,No Face,84
38,No Face,84
38,No Face,84
38,No Face,84
38,No Face,84
38,No Face,83
38,No Face,83
38,No Face,83
38,No Face,83
38,No Face,83
39,No Face,83
39,No Face,83
39,No Face,82
39,No Face,82
39,Distracted,82
39,Focused,82
39,Focused,82
39,Focused,82
39,Focused,82
39,Focused,82
39,No Face,82
39,Focused,82
39,Focused,82
39,Focused,82
39,Focused,82
39,Focused,82
39,Focused,82
39,Focused,82
39,Focused,82
39,Focused,82
39,Focused,83
40,Focused,83
40,Focused,83
40,Focused,83
40,No Face,82
40,Focused,82
40,Focused,83
40,Focused,83
40,Focused,83
40,Focused,83
40,Focused,83
40,Focused,83
40,Focused,83
40,Focused,83
40,Focused,83
40,Focused,83
40,Focused,83
40,Focused,83
40,Focused,83
40,Distracted,83
40,Focused,83
41,Sleeping,83
41,Focused,83
41,Sleeping,82
41,Focused,83
41,Distracted,82
42,Sleeping,82
42,Sleeping,82
42,Distracted,82
42,Focused,82
42,Focused,82
42,Focused,82
42,Focused,82
42,Focused,82
42,Focused,82
42,Focused,82
43,Focused,82
43,Focused,82
43,Focused,82
43,Focused,82
43,Focused,82
43,Focused,82
43,Focused,82
43,Focused,82
43,Focused,82
43,Focused,82
43,Focused,82
43,Focused,83
43,Focused,83
43,Focused,83
43,Focused,83
43,Focused,83
43,Focused,83
43,Focused,83
43,Focused,83
43,Focused,83
43,Focused,83
43,Focused,83
43,Focused,83
43,Focused,83
43,Focused,83
43,Focused,83
43,Focused,83
43,Focused,83
43,Focused,83
43,Focused,83
44,Focused,83
44,Focused,83
44,Focused,83
44,Focused,83
44,Focused,83
44,Focused,83
44,Focused,83
44,Focused,83
44,Focused,83
44,Focused,83
44,Focused,83
44,Focused,83
44,Focused,83
44,Distracted,83
44,Focused,83
44,Focused,83
44,Focused,83
44,Focused,83
44,Focused,83
44,Focused,83
44,Focused,83
44,Focused,83
44,Focused,83
44,Focused,83
45,Focused,83
45,Focused,83
45,Focused,83
45,Focused,83
45,Focused,84
45,Focused,84
45,No Face,83
45,No Face,83
45,Focused,83
45,No Face,83
45,No Face,83
45,No Face,83
45,No Face,83
45,No Face,83
45,Focused,83
45,Focused,83
45,No Face,83
45,No Face,83
45,No Face,82
45,No Face,82
45,No Face,82
45,No Face,82
45,No Face,82
45,No Face,82
45,No Face,82
45,No Face,82
45,No Face,81
45,No Face,81
45,No Face,81
45,No Face,81
45,No Face,81
46,Focused,81
46,Focused,81
46,Focused,81
46,Focused,81
46,No Face,81
46,No Face,81
46,Focused,81
46,Focused,81
46,Focused,81
46,No Face,81
46,Focused,81
46,Focused,81
46,Focused,81
46,Focused,81
46,Focused,81
46,Focused,81
46,Focused,81
46,Focused,81
46,Focused,81
46,Focused,81
46,Focused,81
46,Focused,81
46,Focused,81
46,Focused,81
46,Focused,81
46,Focused,81
46,Focused,81
46,Focused,81
46,Focused,81
47,Focused,81
47,Focused,81
47,Focused,81
47,Focused,81
47,Focused,81
47,Focused,81
47,Focused,82
47,Focused,82
47,Focused,82
47,Focused,82
47,Focused,82
47,Focused,82
47,Focused,82
47,Focused,82
47,Focused,82
47,Focused,82
47,Focused,82
47,Focused,82
47,Focused,82
47,Focused,82
47,Focused,82
47,Focused,82
47,Focused,82
47,Focused,82
47,Focused,82
47,Focused,82
47,Focused,82
47,Focused,82
47,Focused,82
47,Focused,82
48,Focused,82
48,Focused,82
48,Focused,82
48,Focused,82
48,Focused,82
48,Focused,82
48,Focused,82
48,Focused,82
48,Focused,82
48,Focused,82
48,Focused,82
48,Focused,82
48,Focused,82
48,Focused,82
48,Focused,82
48,Focused,82
48,Focused,82
48,Focused,82
48,Focused,82
48,Focused,82
48,Focused,83
48,Focused,83
48,Focused,83
48,Focused,83
48,Focused,83
48,Focused,83
48,Focused,83
48,Focused,83
48,Focused,83
49,Focused,83
49,Focused,83
49,Focused,83
49,Focused,83
49,Focused,83
49,Focused,83
49,Focused,83
49,Focused,83
49,Focused,83
49,Focused,83
49,Focused,83
49,Focused,83
49,Focused,83
49,Focused,83
49,Focused,83
49,Focused,83
49,Focused,83
49,Focused,83
49,Focused,83
49,Focused,83
49,Focused,83
49,Focused,83
49,Focused,83
49,Focused,83
49,Focused,83
49,Focused,83
49,Focused,83
49,Focused,83
49,Focused,83
49,Focused,83
49,Focused,83
50,Focused,83
50,Focused,83
50,Focused,83
50,Focused,83
50,Focused,83
50,Focused,83
50,Focused,83
50,Focused,83
50,Focused,83
50,Focused,83
50,Focused,83
50,Focused,84
50,Focused,84
50,Focused,84
50,Focused,84
50,Focused,84
50,Focused,84
50,Distracted,84
50,Focused,84
50,Focused,84
50,Focused,84
50,Focused,84
50,Focused,84
51,Focused,84
51,Focused,84
51,Focused,84
51,Focused,84
51,Focused,84
51,Focused,84
51,Focused,84
51,Focused,84
51,Focused,84
51,Focused,84
51,Focused,84
51,Focused,84
51,Focused,84
51,Focused,84
51,Focused,84
51,Focused,84
51,Focused,84
51,Focused,84
51,Focused,84
51,Focused,84
51,Focused,84
51,Focused,84
51,Focused,84
51,Focused,84
51,Focused,84
51,Focused,84
51,Focused,84
51,Focused,84
51,Focused,84
51,Focused,84
51,Focused,84
52,Focused,84
52,Focused,84
52,Focused,84
52,Focused,84
52,Focused,84
52,Focused,84
52,Focused,84
52,Focused,84
52,Focused,84
52,Focused,84
52,Focused,84
52,Focused,84
52,Focused,84
52,Focused,84
52,Focused,84
52,Focused,84
52,Focused,84
52,Focused,84
52,Focused,84
52,Focused,84
52,Focused,85
52,Focused,85
52,Focused,85
52,Focused,85
52,Focused,85
52,Focused,85
52,Focused,85
52,Focused,85
52,Focused,85
52,Focused,85
53,Focused,85
53,Focused,85
53,Focused,85
53,Focused,85
53,Focused,85
53,Focused,85
53,Focused,85
53,Focused,85
53,Focused,85
53,Focused,85
53,Focused,85
53,Focused,85
53,Focused,85
53,Focused,85
53,Focused,85
53,Focused,85
53,Focused,85
53,Focused,85
53,Focused,85
53,Focused,85
53,Focused,85
53,Focused,85
53,Focused,85
53,Focused,85
53,Focused,85
53,Focused,85
53,Focused,85
53,Focused,85
53,Focused,85
53,Focused,85
54,Focused,85
54,Focused,85
54,Focused,85
54,Distracted,85
54,Focused,85
54,Focused,85
54,Focused,85
54,Focused,85
54,Focused,85
54,Focused,85
54,Focused,85
54,Focused,85
54,Focused,85
54,Focused,85
54,Focused,85
54,Focused,85
54,Focused,85
54,Focused,85
54,Focused,85
54,Focused,85
54,Focused,85
54,Focused,85
54,Focused,85
54,Focused,85
55,Focused,85
55,Focused,85
55,Distracted,85
55,Focused,85
55,Focused,85
55,Focused,85
55,Focused,85
55,Focused,85
55,Focused,85
55,Focused,85
55,Focused,85
55,Focused,85
55,Focused,85
55,Focused,85
55,Focused,85
55,Focused,85
55,Focused,86
55,Focused,86
55,Focused,86
55,Focused,86
55,Focused,86
55,Focused,86
55,Focused,86
55,Focused,86
56,Focused,86
56,Focused,86
56,Focused,86
56,Focused,86
56,Focused,86
56,Focused,86
56,Focused,86
56,Focused,86
56,Focused,86
56,Focused,86
56,Focused,86
56,Focused,86
56,Focused,86
56,Focused,86
56,Focused,86
56,Focused,86
56,Focused,86
56,Focused,86
56,Focused,86
56,Focused,86
56,Focused,86
56,Focused,86
56,Focused,86
56,Focused,86
56,Focused,86
56,Focused,86
56,Focused,86
56,Focused,86
56,Focused,86
57,Focused,86
57,Focused,86
57,Focused,86
57,Focused,86
57,Focused,86
57,Focused,86
57,Focused,86
57,Focused,86
57,Focused,86
57,Focused,86
57,Focused,86
57,Focused,86
57,Focused,86
57,Focused,86
57,Focused,86
57,Focused,86
57,Focused,86
57,Focused,86
57,Focused,86
57,Focused,86
57,Focused,86
57,Focused,86
57,Focused,86
57,Focused,86
57,Focused,86
57,Focused,86
57,Focused,86
57,Focused,86
57,Focused,86
58,Focused,86
58,Focused,86
58,Focused,86
58,Focused,86
58,Focused,86
58,Focused,86
58,Focused,86
58,Focused,86
58,Focused,86
58,Focused,86
58,Focused,86
58,Focused,87
58,Focused,87
58,Focused,87
58,Focused,87
58,Focused,87
58,Focused,87
58,Focused,87
58,Focused,87
58,Focused,87
58,Focused,87
58,Focused,87
58,Focused,87
58,Focused,87
58,Focused,87
58,Focused,87
58,Focused,87
58,Focused,87
59,Sleeping,87
59,Distracted,87
59,Sleeping,86
60,Distracted,86
60,Distracted,86
60,Sleeping,86
60,Sleeping,86
60,Focused,86
61,Distracted,86
61,Focused,86
61,Distracted,86
61,Distracted,86
61,Distracted,86
61,Focused,86
61,Focused,86
62,Focused,86
62,Focused,86
62,Focused,86
62,Focused,86
62,Focused,86
62,Focused,86
62,Focused,86
62,Focused,86
62,Focused,86
62,Focused,86
62,Focused,86
62,Distracted,86
62,Distracted,86
63,Distracted,86
63,Sleeping,86
63,Sleeping,86
64,Sleeping,86
64,Focused,86
64,Focused,86
64,Distracted,85
64,Focused,86
64,Focused,86
64,Focused,86
64,Focused,86
64,Focused,86
64,Focused,86
64,Focused,86
64,Focused,86
64,Focused,86
64,Focused,86
64,Focused,86
64,Focused,86
64,Focused,86
64,Focused,86
64,Focused,86
64,Focused,86
64,Focused,86
64,Focused,86
64,Focused,86
65,Focused,86
65,Distracted,86
65,Sleeping,86
65,Focused,86
65,Focused,86
65,Focused,86
65,Distracted,86
66,Sleeping,85
66,Focused,85
66,Focused,85
66,Sleeping,85
66,Focused,85
66,Focused,85
66,Focused,85
66,Focused,85
66,Focused,85
66,Focused,85
66,Focused,86
66,Focused,86
67,Focused,86
67,Focused,86
67,Focused,86
67,Focused,86
67,Focused,86
67,Focused,86
67,Focused,86
67,Focused,86
67,Focused,86
67,Focused,86
67,Focused,86
67,Focused,86
67,Focused,86
67,Focused,86
67,Focused,86
67,Focused,86
67,Focused,86
67,Focused,86
67,Focused,86
67,Focused,86
67,Focused,86
67,Focused,86
67,Focused,86
67,Focused,86
67,Focused,86
67,Focused,86
67,Focused,86
67,Focused,86
67,Focused,86
68,Focused,86
68,Focused,86
68,Focused,86
68,Focused,86
68,Focused,86
68,Focused,86
68,Focused,86
68,Focused,86
68,Focused,86
68,Focused,86
68,Focused,86
68,Focused,86
68,Focused,86
68,Focused,86
68,Focused,86
68,Focused,86
68,Focused,86
68,Focused,86
68,Focused,86
68,Focused,86
68,Focused,86
68,Focused,86
68,Focused,86
68,Focused,86
68,Focused,86
68,Focused,86
69,Distracted,86
69,Distracted,86
69,Focused,86
69,Focused,86
69,Focused,86
69,Distracted,86
69,No Face,86
69,No Face,86
69,No Face,86
69,No Face,86
69,No Face,86
69,No Face,86
69,No Face,85
69,Focused,85
70,Distracted,85
70,Focused,85
70,Focused,85
70,Focused,85
70,Distracted,85
70,Sleeping,85
71,Distracted,85
71,Sleeping,85
71,Distracted,85
71,Focused,85
71,Focused,85
71,Focused,85
71,Focused,85
71,Focused,85
72,Distracted,85
72,Focused,85
72,Focused,85
72,Distracted,85
72,Distracted,85
72,Focused,85
72,Focused,85
72,Focused,85
72,Focused,85
72,No Face,85
72,Focused,85
72,No Face,85
72,No Face,85
72,No Face,85
73,No Face,85
73,No Face,85
73,No Face,85
73,No Face,85
73,No Face,84
73,No Face,84
73,No Face,84
73,No Face,84
73,No Face,84
73,No Face,84
73,No Face,84
73,No Face,84
73,No Face,84
73,No Face,84
73,No Face,84
73,No Face,84
73,No Face,84
73,No Face,84
73,No Face,84
73,No Face,83
73,No Face,83
73,No Face,83
73,No Face,83
73,No Face,83
73,No Face,83
73,No Face,83
73,No Face,83
73,No Face,83
73,No Face,83
73,No Face,83
74,No Face,83
74,No Face,83
74,No Face,83
74,No Face,83
74,No Face,82
74,No Face,82
74,No Face,82
74,No Face,82
74,No Face,82
74,No Face,82
74,No Face,82
74,Focused,82
74,Distracted,82
74,No Face,82
74,No Face,82
74,No Face,82
74,No Face,82
74,No Face,82
74,No Face,82
74,No Face,82
74,No Face,82
74,No Face,81
74,No Face,81
74,No Face,81
75,No Face,81
75,No Face,81
75,No Face,81
75,Sleeping,81
75,No Face,81
75,No Face,81
75,No Face,81
75,No Face,81
75,No Face,81
75,No Face,81
75,No Face,81
75,No Face,81
75,No Face,81
75,No Face,80
75,No Face,80
75,No Face,80
75,No Face,80
75,No Face,80
75,No Face,80
75,No Face,80
75,No Face,80
76,No Face,80
76,No Face,80
76,No Face,80
76,No Face,80
76,No Face,80
76,No Face,80
76,No Face,80
76,No Face,80
76,No Face,80
76,No Face,79
76,No Face,79
76,No Face,79
76,No Face,79
76,No Face,79
76,No Face,79
76,No Face,79
76,Focused,79
76,Focused,79
76,Focused,79
76,Focused,79
76,Focused,79
76,Focused,79
76,Focused,79
76,Focused,79
76,Focused,79
76,Focused,79
76,Focused,79
76,Focused,79
76,Focused,79
76,Focused,79
77,Focused,79
77,Focused,79
77,Focused,79
77,Focused,79
77,Focused,79
77,Focused,79
77,Focused,79
77,Focused,79
77,Focused,79
77,Focused,79
77,Focused,79
77,Distracted,79
77,Focused,79
77,Focused,79
77,Focused,79
77,Focused,79
77,Focused,80
77,Focused,80
77,Focused,80
77,Focused,80
77,Focused,80
77,Focused,80
77,Focused,80
78,Focused,80
78,Focused,80
78,Focused,80
78,Sleeping,80
78,No Face,80
78,No Face,79
78,No Face,79
78,No Face,79
78,No Face,79
78,No Face,79
78,No Face,79
78,Focused,79
78,Focused,79
78,Focused,79
78,Focused,79
78,Focused,79
78,Focused,79
78,Focused,79
78,Focused,79
78,Focused,79
78,Focused,79
79,Focused,79
79,Focused,79
79,Focused,79
79,Focused,79
79,Focused,79
79,Focused,79
79,Focused,79
79,Focused,79
79,Focused,79
79,Focused,79
79,Focused,79
79,Focused,79
79,Focused,80
79,Focused,80
79,Focused,80
79,Focused,80
79,Focused,80
79,Focused,80
79,Focused,80
79,Focused,80
79,Focused,80
79,Focused,80
79,Focused,80
79,Focused,80
79,Focused,80
79,Focused,80
79,Focused,80
79,Focused,80
79,Focused,80
79,Focused,80
80,Focused,80
80,Focused,80
80,No Face,80
80,No Face,80
80,No Face,80
80,No Face,80
80,Focused,80
80,Focused,80
80,Focused,80
80,Focused,80
80,Focused,80
80,Focused,80
80,Focused,80
80,Focused,80
80,Focused,80
80,Focused,80
80,Focused,80
80,Focused,80
80,Focused,80
80,Focused,80
80,Focused,80
80,Focused,80
80,Focused,80
80,Focused,80
80,Focused,80
80,Focused,80
80,Focused,80
80,Focused,80
80,Focused,80
80,Focused,80
81,Focused,80
81,Focused,80
81,Focused,80
81,Focused,80
81,Focused,80
81,Focused,80
81,Focused,80
81,Focused,80
81,Focused,80
81,Focused,80
81,Focused,80
81,Focused,80
81,Focused,80
81,Focused,80
81,Focused,80
81,Focused,80
81,Focused,80
81,Focused,80
81,Focused,80
81,Focused,80
81,Focused,80
81,Focused,80
81,Focused,80
81,Focused,80
81,Focused,80
81,Focused,80
81,Focused,80
81,Focused,80
81,Focused,80
81,Focused,80
82,Distracted,80
82,Distracted,80
82,Focused,80
82,Focused,80
82,Focused,80
82,Focused,80
82,Focused,80
82,Distracted,80
82,Focused,80
82,Focused,80
83,Distracted,80
83,Distracted,80
83,Focused,80
83,Focused,80
83,Focused,80
83,Focused,80
83,Focused,80
83,Focused,80
83,Focused,80
83,Focused,80
83,Focused,80
83,Focused,80
83,Focused,80
83,Focused,80
84,Distracted,80
84,Focused,80
84,Focused,80
84,Focused,80
84,Focused,80
84,Focused,80
84,Focused,80
84,Focused,80
84,Focused,80
84,Focused,80
84,Focused,80
84,Focused,80
84,Focused,80
84,Focused,80
84,Focused,80
84,Focused,80
84,Focused,80
84,Focused,80
84,Focused,80
84,Focused,80
84,Focused,80
84,Focused,80
84,Focused,80
84,Focused,80
84,Focused,80
84,Focused,80
84,Focused,81
84,Focused,81
84,Focused,81
84,Focused,81
85,Focused,81
85,Focused,81
85,Focused,81
85,Focused,81
85,Focused,81
85,Focused,81
85,Focused,81
85,Focused,81
85,Focused,81
85,Focused,81
85,Focused,81
85,Focused,81
85,Focused,81
85,Focused,81
85,Distracted,81
85,Focused,81
85,Focused,81
85,Focused,81
85,Focused,81
85,Focused,81
85,Focused,81
85,Focused,81
85,Focused,81
85,Focused,81
86,Focused,81
86,Focused,81
86,Focused,81
86,Focused,81
86,Focused,81
86,Focused,81
86,Focused,81
86,Focused,81
86,Focused,81
86,Focused,81
86,Focused,81
86,Focused,81
86,Focused,81
86,Focused,81
86,Focused,81
86,Focused,81
86,Focused,81
86,Focused,81
86,Focused,81
86,Focused,81
86,Focused,81
86,Focused,81
86,Distracted,81
86,Focused,81
87,Focused,81
87,Focused,81
87,Focused,81
87,Focused,81
87,Focused,81
87,Focused,81
87,Focused,81
87,Focused,81
87,Focused,81
87,Focused,81
87,Focused,81
87,Focused,81
87,Focused,81
87,Focused,81
87,Focused,81
87,Focused,81
87,Distracted,81
87,Focused,81
87,Focused,81
87,Focused,81
87,Focused,81
87,Focused,81
87,Focused,81
87,Focused,81
87,Focused,81
87,Focused,81
87,Focused,81
87,Focused,81
88,Focused,81
88,Focused,81
88,Focused,81
88,Focused,81
88,Focused,81
88,Focused,81
88,Focused,81
88,Focused,81
88,Focused,81
88,Focused,81
88,Focused,81
88,Focused,81
88,Focused,81
88,Focused,81
88,Focused,81
88,Focused,81
88,Focused,81
88,Focused,81
88,Focused,81
88,Focused,81
88,Focused,81
88,Focused,81
88,Focused,81
88,Focused,82
88,Focused,82
88,Focused,82
88,Focused,82
88,Focused,82
88,Focused,82
89,Focused,82
89,Focused,82
89,Focused,82
89,Focused,82
89,Focused,82
89,Focused,82
89,Focused,82
89,Focused,82
89,Focused,82
89,Focused,82
89,Focused,82
89,Focused,82
89,Focused,82
89,Focused,82
89,Focused,82
89,Focused,82
89,Focused,82
89,Focused,82
89,Focused,82
89,Focused,82
89,Focused,82
89,Focused,82
89,Distracted,82
89,Focused,82
89,Focused,82
90,Focused,82
90,Focused,82
90,Focused,82
90,Focused,82
90,Distracted,82
90,Distracted,82
90,Focused,82
90,Focused,82
90,Focused,82
90,Focused,82
90,Focused,82
90,Focused,82
91,Distracted,82
91,Focused,82
91,Focused,82
91,Focused,82
91,Distracted,82
91,Focused,82
91,Focused,82
91,Focused,82
91,Focused,82
91,Focused,82
91,Focused,82
91,Focused,82
91,Focused,82
91,Distracted,82
91,No Face,82
91,No Face,82
92,No Face,82
92,No Face,82
92,No Face,82
92,Focused,82
92,Focused,82
92,Focused,82
92,Focused,82
92,Focused,82
92,Focused,82
92,Focused,82
92,Focused,82
92,Focused,82
92,Focused,82
92,Focused,82
92,Focused,82
92,Focused,82
92,Focused,82
92,Focused,82
92,Focused,82
92,Focused,82
92,Focused,82
92,Focused,82
92,Focused,82
92,Focused,82
92,Focused,82
92,Focused,82
92,Focused,82
92,Focused,82
92,Focused,82
92,Focused,82
92,Focused,82
92,Focused,82
93,Focused,82
93,Focused,82
93,Focused,82
93,Focused,82
93,Focused,82
93,Focused,82
93,Focused,82
93,Focused,82
93,No Face,82
93,No Face,82
93,No Face,82
93,Focused,82
93,Focused,82
93,No Face,82
93,No Face,82
93,Focused,82
93,Focused,82
93,Focused,82
93,Focused,82
93,Focused,82
93,Focused,82
93,Focused,82
93,Focused,82
93,No Face,82
93,No Face,82
93,Focused,82
93,Focused,82
93,Focused,82
93,Focused,82
94,Focused,82
94,Focused,82
94,Focused,82
94,Focused,82
94,Focused,82
94,Focused,82
94,Focused,82
94,Focused,82
94,Focused,82
94,Focused,82
94,Focused,82
94,Focused,82
94,Focused,82
94,Focused,82
94,Focused,82
94,Focused,82
94,Focused,82
94,Focused,82
94,Focused,82
94,Focused,82
94,Focused,82
94,Focused,82
94,Focused,82
94,Focused,82
94,Focused,82
94,Focused,82
94,Focused,82
94,Focused,82
94,Focused,82
94,Focused,82
95,Focused,82
95,Focused,82
95,Focused,82
95,Focused,82
95,Focused,82
95,Focused,82
95,Focused,82
95,Focused,82
95,Focused,82
95,Focused,82
95,Focused,82
95,Focused,82
95,Focused,82
95,Focused,82
95,Focused,82
95,Focused,82
95,Focused,82
95,Focused,82
95,Focused,82
95,Focused,82
95,Focused,82
95,Focused,82
95,Focused,82
95,Focused,82
95,Focused,82
95,Focused,82
95,Focused,82
95,Focused,82
95,Focused,82
95,No Face,82
96,Focused,82
96,No Face,82
96,No Face,82
96,No Face,82
96,Focused,82
96,Focused,82
96,Focused,82
96,Focused,82
96,Distracted,82
96,Focused,82
96,Focused,82
96,Focused,82
96,Focused,82
96,Focused,82
96,Focused,82
96,Focused,82
96,Focused,82
96,Focused,82
96,Focused,82
96,Focused,82
96,Focused,82
96,Focused,82
96,Focused,82
96,Focused,82
97,Focused,82
97,Focused,82
97,Focused,82
97,Focused,82
97,Focused,82
97,Focused,82
97,Focused,82
97,Focused,82
97,Focused,82
97,Focused,82
97,Focused,82
97,Focused,82
97,Focused,82
97,Focused,82
97,Focused,82
97,Focused,82
97,Focused,82
97,Focused,82
97,Focused,82
97,Focused,82
97,Focused,82
97,Focused,82
97,Focused,82
97,Focused,82
97,Focused,82
97,Focused,82
97,Focused,82
97,Focused,82
97,Focused,82
97,Focused,83
98,Focused,83
98,Focused,83
98,Focused,83
98,Focused,83
98,Focused,83
98,Focused,83
98,Focused,83
98,Distracted,83
98,Focused,83
98,Focused,83
98,Focused,83
98,Focused,83
98,Focused,83
98,Focused,83
98,Focused,83
98,Focused,83
98,Focused,83
98,Focused,83
98,Focused,83
98,Focused,83
98,Focused,83
98,Focused,83
98,Focused,83
99,Distracted,83
99,Sleeping,83
99,Focused,83
99,Focused,83
99,Focused,83
99,Focused,83
99,Focused,83
99,Focused,83
99,Focused,83
99,Focused,83
99,Focused,83
99,Focused,83
100,Distracted,83
100,Focused,83
100,Distracted,83
100,Focused,83
100,Distracted,83
100,Focused,83
100,Focused,83
100,Focused,83
100,Focused,83
100,Focused,83
101,Distracted,83
101,Distracted,83
101,Focused,83
101,Focused,83
101,Focused,83
101,Focused,83
101,Focused,83
101,Distracted,83
101,Focused,83
101,Focused,83
101,Focused,83
101,Focused,83
101,Focused,83
101,Focused,83
101,Focused,83
101,Focused,83
102,Focused,83
102,Focused,83
102,Focused,83
102,Distracted,83
102,Focused,83
102,Distracted,83
102,Focused,83
102,Distracted,82
102,Focused,83
102,Focused,83
103,Focused,83
103,Focused,83
103,Focused,83
103,Focused,83
103,Sleeping,83
103,Focused,83
103,Focused,83
103,Focused,83
103,Focused,83
103,Focused,83
103,Focused,83
103,Focused,83
103,Focused,83
103,Focused,83
103,Focused,83
103,Focused,83
103,Focused,83
103,Focused,83
103,Focused,83
103,Focused,83
103,Focused,83
103,Focused,83
104,Focused,83
104,Focused,83
104,Focused,83
104,Focused,83
104,Focused,83
104,Focused,83
104,Distracted,83
104,Focused,83
104,Focused,83
104,Focused,83
104,Focused,83
104,Focused,83
104,Focused,83
104,Focused,83
104,Focused,83
104,Focused,83
104,Focused,83
104,Focused,83
104,Focused,83
104,Focused,83
104,Focused,83
104,Focused,83
104,Focused,83
104,Focused,83
105,Focused,83
105,Focused,83
105,Focused,83
105,Focused,83
105,Focused,83
105,Focused,83
105,Focused,83
105,Focused,83
105,Focused,83
105,Focused,83
105,Focused,83
105,Distracted,83
105,Distracted,83
105,Focused,83
105,Focused,83
105,Focused,83
105,Focused,83
105,Focused,83
105,Focused,83
105,Focused,83
106,Focused,83
106,Focused,83
106,Focused,83
106,Focused,83
106,Focused,83
106,Focused,83
106,Focused,83
106,Focused,83
106,Focused,83
106,Focused,83
106,Focused,83
106,Focused,83
106,Focused,83
106,Focused,83
106,Focused,83
106,Focused,83
106,Sleeping,83
106,Focused,83
106,Focused,83
106,Focused,83
107,Focused,83
107,Focused,83
107,Focused,83
107,Focused,83
107,Focused,83
107,Focused,83
107,Focused,83
107,Focused,83
107,Focused,83
107,Focused,83
107,Focused,83
107,Focused,83
107,Focused,83
107,Focused,83
107,Distracted,83
107,Focused,83
107,Focused,83
107,Focused,83
107,Focused,83
107,Focused,83
107,Focused,83
107,Focused,83
107,Focused,83
107,Focused,83
107,Focused,83
107,Focused,83
108,Focused,83
108,Focused,83
108,Focused,83
108,Focused,83
108,Focused,83
108,Focused,83
108,Focused,83
108,Focused,83
108,Focused,83
108,Focused,83
108,Focused,83
108,Focused,83
108,Focused,83
108,Focused,83
108,Focused,83
108,Focused,83
108,Focused,83
108,Focused,83
108,Focused,83
108,Focused,83
108,Focused,83
108,Focused,83
108,Focused,83
109,Sleeping,83
109,Focused,83
109,Focused,83
109,Focused,83
109,Focused,83
109,Focused,83
109,Focused,83
109,Focused,83
109,Focused,83
109,Focused,83
109,Focused,83
109,Focused,83
109,Focused,83
109,Focused,83
109,Focused,83
109,Focused,83
109,Focused,83
109,Focused,83
109,Focused,83
109,Focused,83
109,Focused,83
109,Focused,83
109,Focused,83
109,Focused,83
109,Focused,83
109,Focused,83
109,Focused,83
109,Focused,83
110,Focused,83
110,Focused,84
110,Focused,84
110,Focused,84
110,Focused,84
110,Focused,84
110,Focused,84
110,Focused,84
110,Focused,84
110,Focused,84
110,Focused,84
110,Focused,84
110,Focused,84
110,Focused,84
110,Focused,84
110,Focused,84
110,Focused,84
110,Focused,84
110,Distracted,84
110,Focused,84
110,Focused,84
110,Focused,84
110,Focused,84
110,Focused,84
111,Focused,84
111,Focused,84
111,Focused,84
111,Focused,84
111,Focused,84
111,Focused,84
111,Focused,84
111,Focused,84
111,Focused,84
111,Focused,84
111,Focused,84
111,Focused,84
111,Focused,84
111,Focused,84
111,Focused,84
111,Focused,84
111,Focused,84
111,Focused,84
111,Focused,84
111,Focused,84
111,Focused,84
111,Focused,84
111,Focused,84
111,Focused,84
111,Focused,84
111,Focused,84
111,Focused,84
111,Focused,84
111,Focused,84
112,Distracted,84
112,Focused,84
112,Focused,84
112,Focused,84
112,Focused,84
112,Focused,84
112,Focused,84
112,Focused,84
112,Focused,84
112,Focused,84
112,Focused,84
112,Focused,84
112,Focused,84
112,Focused,84
112,Focused,84
112,Focused,84
112,Focused,84
112,Focused,84
112,Focused,84
112,Focused,84
112,Focused,84
112,Focused,84
112,Focused,84
112,Focused,84
113,Focused,84
113,Focused,84
113,Focused,84
113,Focused,84
113,Focused,84
113,Focused,84
113,Focused,84
113,Focused,84
113,Focused,84
113,Focused,84
113,Focused,84
113,Focused,84
113,Focused,84
113,Focused,84
113,Focused,84
113,Focused,84
113,Focused,84
113,Focused,84
113,Focused,84
113,Focused,84
113,Focused,84
113,Focused,84
113,Focused,84
113,Focused,84
113,Focused,84
113,Focused,84
113,Focused,84
113,Focused,84
113,Focused,84
113,Focused,84
113,Focused,84
114,Focused,84
114,Focused,84
114,Focused,84
114,Focused,84
114,Focused,84
114,Focused,84
114,Focused,84
114,Focused,84
114,Focused,84
114,Focused,84
114,Focused,84
114,Focused,84
114,Focused,84
114,Focused,84
114,Focused,84
114,Focused,84
114,Focused,84
114,Focused,84
114,Focused,84
114,Focused,84
114,Focused,84
114,Focused,84
114,Focused,84
114,Focused,84
114,Focused,84
114,Focused,84
114,Focused,84
114,Focused,84
114,Focused,84
114,Focused,84
115,Distracted,84
115,Distracted,84
115,Focused,84
115,Focused,84
115,Focused,84
115,Focused,84
115,Focused,84
115,Focused,84
115,Focused,84
115,Focused,84
115,Focused,84
115,Focused,84
115,Focused,84
115,Focused,84
115,Focused,84
116,Distracted,84
116,Focused,84
116,Focused,84
116,Focused,84
116,Focused,84
116,Focused,84
116,Focused,84
116,Focused,84
116,Focused,84
116,Focused,84
116,Focused,84
116,Focused,84
116,Focused,84
116,Focused,84
116,Focused,84
116,Focused,84
116,Focused,84
116,Focused,84
116,Focused,84
116,Focused,84
116,Focused,84
116,Focused,84
116,Focused,84
116,Focused,85
116,Focused,85
116,Focused,85
116,Focused,85
116,Focused,85
116,Focused,85
117,Focused,85
117,Focused,85
117,Focused,85
117,Focused,85
117,Focused,85
117,Focused,85
117,Focused,85
117,Focused,85
117,Focused,85
117,Focused,85
117,Focused,85
117,Focused,85
117,Focused,85
117,Focused,85
117,Focused,85
117,Focused,85
117,Focused,85
117,Focused,85
117,Focused,85
117,Focused,85
117,Focused,85
117,Focused,85
117,Focused,85
117,Focused,85
117,Focused,85
117,Focused,85
117,Focused,85
117,Focused,85
117,Focused,85
117,Focused,85
117,Focused,85
118,Focused,85
118,Focused,85
118,Focused,85
118,Focused,85
118,Focused,85
118,Focused,85
118,Focused,85
118,Focused,85
118,Focused,85
118,Focused,85
118,Focused,85
118,Focused,85
118,Focused,85
118,Focused,85
118,Focused,85
118,Focused,85
118,Focused,85
118,Focused,85
118,Focused,85
118,Focused,85
118,Focused,85
118,Focused,85
118,Focused,85
118,Focused,85
119,Distracted,85
119,Focused,85
119,Focused,85
119,Focused,85
119,Distracted,85
119,Distracted,85
119,Focused,85
119,Focused,85
119,Focused,85
119,Focused,85
119,Focused,85
119,Focused,85
119,Focused,85
119,Focused,85
119,Focused,85
119,Focused,85
119,Focused,85
120,Focused,85
120,Focused,85
120,Focused,85
120,Focused,85
120,Focused,85
120,Focused,85
120,Focused,85
120,Focused,85
120,Focused,85
120,Focused,85
120,Focused,85
120,Focused,85
120,Focused,85
120,Focused,85
120,Focused,85
120,Focused,85
120,Focused,85
120,Focused,85
120,Focused,85
120,Focused,85
120,Focused,85
120,Focused,85
120,Focused,85
120,Distracted,85
120,Focused,85
121,Focused,85
121,Focused,85
121,Focused,85
121,Focused,85
121,Focused,85
121,Focused,85
121,Focused,85
121,Focused,85
121,Focused,85
121,Focused,85
121,Focused,85
121,Focused,85
121,Focused,85
121,Distracted,85
121,Distracted,85
121,Focused,85
121,Focused,85
122,Focused,85
122,Focused,85
122,Focused,85
122,Focused,85
122,Focused,85
122,Focused,85
122,Focused,85
122,Focused,85
122,Focused,85
122,Focused,85
122,Focused,85
122,Focused,85
122,Focused,85
122,Focused,85
122,Focused,85
122,Focused,85
122,Focused,85
122,Focused,85
122,Focused,85
122,Focused,85
122,Focused,85
122,Focused,85
122,Focused,85
122,Focused,85
122,Focused,85
122,Focused,85
122,Focused,85
122,Focused,85
122,Focused,85
122,Focused,85
122,Focused,85
123,Distracted,85
123,Focused,85
123,Distracted,85
123,Focused,85
123,Focused,85
123,Focused,85
123,Focused,85
123,Focused,85
123,Focused,85
123,Focused,85
123,Focused,85
123,Focused,85
123,Focused,85
123,Focused,85
123,Focused,85
123,Focused,85
123,Focused,85
123,Focused,85
124,Focused,85
124,Focused,85
124,Focused,85
124,Focused,85
124,Focused,85
124,Focused,85
124,Focused,85
124,Focused,85
124,Focused,85
124,Focused,85
124,Focused,85
124,Focused,85
124,Focused,85
124,Focused,85
124,Focused,85
124,Focused,85
124,Focused,85
124,Focused,85
124,Focused,85
124,Focused,85
124,Focused,85
124,Focused,85
124,Focused,85
124,Focused,85
124,Focused,85
124,Focused,85
124,Focused,85
124,Focused,85
124,Focused,85
125,Focused,85
125,Distracted,85
125,Distracted,85
125,Distracted,85
126,Sleeping,85
126,Distracted,85
126,Sleeping,85
126,Focused,85
126,Focused,85
126,Focused,85
127,Distracted,85
127,Distracted,85
127,Distracted,85
127,Focused,85
127,Focused,85
127,Focused,85
127,Focused,85
127,Focused,85
127,Focused,85
127,Focused,85
127,Focused,85
127,Focused,85
127,Focused,85
127,Focused,85
127,Focused,85
127,Focused,85
128,Distracted,85
128,Focused,85
128,Focused,85
128,Focused,85
128,Focused,85
128,Focused,85
128,Focused,85
128,Focused,85
128,Focused,85
128,Focused,85
128,Focused,85
128,Focused,85
128,Focused,85
128,Distracted,85
128,Focused,85
128,Focused,85
128,Focused,85
128,Focused,85
128,Focused,85
129,Focused,85
129,Focused,85
129,Focused,85
129,Focused,85
129,Focused,85
129,Focused,85
129,Focused,85
129,Focused,85
129,Focused,85
129,Focused,85
129,Focused,85
129,Focused,85
129,Focused,85
129,Focused,85
129,Focused,85
129,Distracted,85
129,Focused,85
129,Focused,85
129,Focused,85
129,Focused,85
129,Focused,85
129,Focused,85
129,Focused,85
129,Focused,85
129,Focused,85
130,Focused,85
130,Focused,85
130,Focused,85
130,Focused,85
130,Focused,85
130,Focused,85
130,Focused,85
130,Focused,85
130,Focused,85
130,Focused,85
130,Focused,85
130,Focused,85
130,Focused,85
130,Focused,85
130,Focused,85
130,Focused,85
130,Distracted,85
131,Distracted,85
131,Sleeping,85
131,Distracted,85
131,Focused,85
131,Focused,85
131,Distracted,85
132,Sleeping,85
132,Focused,85
132,Focused,85
132,Focused,85
132,Focused,85
132,Focused,85
132,Focused,85
132,Focused,85
132,Focused,85
132,Focused,85
132,Focused,85
132,Focused,85
132,Focused,85
132,Focused,85
132,Focused,85
133,Distracted,85
133,Focused,85
133,Focused,85
133,Focused,85
133,Focused,85
133,Focused,85
133,Focused,85
133,Focused,85
133,Focused,85
133,Focused,85
133,Focused,85
133,Focused,85
133,Focused,85
133,Focused,85
133,Focused,85
133,Focused,85
133,Focused,85
133,Distracted,85
133,Focused,85
133,Focused,85
133,Focused,85
133,Focused,85
133,Focused,85
134,Focused,85
134,Focused,85
134,Focused,85
134,Focused,85
134,Focused,85
134,Focused,85
134,Focused,85
134,Focused,85
134,Distracted,85
134,Focused,85
134,Focused,85
134,Focused,85
134,Focused,85
134,Focused,85
134,Focused,85
134,Focused,85
135,Sleeping,85
135,Focused,85
135,Focused,85
135,Focused,85
135,Focused,85
135,Focused,85
135,Focused,85
135,Focused,85
135,Focused,85
135,Focused,85
135,Focused,85
135,Focused,85
135,Focused,85
135,Focused,85
135,Focused,85
135,Focused,85
135,Focused,85
135,Focused,85
135,Focused,85
135,Focused,85
135,Focused,85
135,Focused,85
135,Distracted,85
136,Distracted,85
136,Focused,85
136,Focused,85
136,Focused,85
136,Focused,85
136,Focused,85
136,Focused,85
136,Focused,85
136,Focused,85
136,Focused,85
136,Focused,85
136,Focused,85
136,Focused,85
136,Focused,85
136,Focused,85
136,Focused,85
136,Focused,85
136,Focused,85
136,Focused,85
136,Focused,85
136,Focused,85
136,Focused,85
136,Focused,85
136,Focused,85
136,Focused,85
137,Focused,86
137,Focused,86
137,Focused,86
137,Focused,86
137,Focused,86
137,Focused,86
137,Focused,86
137,Focused,86
137,Focused,86
137,Focused,86
137,Focused,86
137,Focused,86
137,Focused,86
137,Distracted,86
137,Sleeping,85
138,Distracted,85
138,Distracted,85
138,Distracted,85
138,Distracted,85
139,Sleeping,85
139,Distracted,85
139,Sleeping,85
140,Sleeping,85
140,Sleeping,85
140,Distracted,85
140,Focused,85
140,Focused,85
140,Focused,85
140,Focused,85
140,Focused,85
140,Focused,85
141,Focused,85
141,Focused,85
141,Focused,85
141,Focused,85
141,Focused,85
141,Focused,85
141,Focused,85
141,Focused,85
141,Focused,85
141,Focused,85
141,Focused,85
141,Focused,85
141,Focused,85
141,Focused,85
141,Focused,85
141,Focused,85
141,Focused,85
141,Focused,85
141,Focused,85
141,Focused,85
141,Focused,85
141,Focused,85
141,Distracted,85
142,Focused,85
142,Focused,85
142,Focused,85
142,Focused,85
142,Focused,85
142,Focused,85
142,Focused,85
142,Focused,85
142,Focused,85
142,Focused,85
142,Focused,85
142,Focused,85
142,Focused,85
142,Focused,85
142,Focused,85
142,Focused,85
142,Focused,85
142,Focused,85
142,Focused,85
142,Focused,85
142,Focused,85
142,Focused,85
142,Focused,85
142,Focused,85
142,Distracted,85
143,Distracted,85
143,Distracted,85
143,Focused,85
143,Focused,85
143,Focused,85
143,Focused,85
143,Focused,85
143,Focused,85
143,Focused,85
143,Focused,85
143,Focused,85
143,Focused,85
143,Focused,85
144,Distracted,85
144,Sleeping,85
144,Distracted,85
145,Sleeping,85
145,Distracted,85
145,Focused,85
145,Distracted,85
145,Distracted,85
146,Distracted,85
146,Focused,85
146,Focused,85
146,Focused,85
146,Focused,85
146,Focused,85
146,Focused,85
146,Focused,85
146,Focused,85
146,Focused,85
146,Distracted,85
146,Sleeping,85
147,Focused,85
147,Focused,85
147,Focused,85
147,Focused,85
147,Focused,85
147,Focused,85
147,Distracted,85
147,Focused,85
147,Focused,85
147,Focused,85
147,Focused,85
147,Focused,85
147,Focused,85
147,Focused,85
147,Focused,85
147,Focused,85
147,Focused,85
147,Focused,85
147,Focused,85
147,Focused,85
147,Focused,85
147,Focused,85
147,Focused,85
148,Focused,85
148,Distracted,85
148,Focused,85
148,Distracted,85
148,Focused,85
148,Focused,85
148,Focused,85
148,Focused,85
148,Focused,85
148,Focused,85
148,Focused,85
148,Focused,85
148,Focused,85
148,Focused,85
148,Focused,85
148,Focused,85
148,Focused,85
148,Focused,85
148,Focused,85
149,Focused,85
149,Focused,85
149,Sleeping,85
149,Focused,85
149,Focused,85
149,Focused,85
149,Focused,85
149,Focused,85
149,Focused,85
149,Focused,85
149,Focused,85
149,Focused,85
149,Focused,85
149,Focused,85
149,Focused,85
149,Focused,85
149,Focused,85
150,Distracted,85
150,Focused,85
150,Focused,85
150,Focused,85
150,Focused,85
150,Focused,85
150,Focused,85
150,Focused,85
150,Focused,85
150,Focused,85
150,Focused,85
150,Focused,85
150,Focused,85
150,Focused,85
150,Focused,85
150,Focused,85
150,Focused,85
150,Focused,85
150,Focused,85
150,Focused,85
150,Focused,85
150,Distracted,85
151,Focused,85
151,Focused,85
151,Focused,85
151,Focused,85
151,Focused,85
151,Focused,85
151,Focused,85
151,Focused,85
151,Focused,85
151,Distracted,85
151,Focused,85
151,Distracted,85
151,Focused,85
151,Focused,85
151,Focused,85
151,Focused,85
151,Focused,85
152,Focused,85
152,Distracted,85
152,Distracted,85
152,Sleeping,85
152,Focused,85
152,Focused,85
152,Focused,85
152,Focused,85
152,Focused,85
153,Focused,85
153,Focused,85
153,Focused,85
153,Focused,85
153,Focused,85
153,Focused,85
153,Focused,85
153,Focused,85
153,Focused,85
153,Focused,85
153,Focused,85
153,Focused,85
153,Focused,85
153,Focused,85
153,Focused,85
153,Focused,85
153,Focused,85
153,Focused,85
153,Sleeping,85
153,Focused,85
153,Focused,85
154,Focused,85
154,Distracted,85
154,Focused,85
154,Focused,85
154,Focused,85
154,Focused,85
154,Focused,85
154,Focused,85
154,Focused,85
154,Focused,85
154,Focused,85
154,Focused,85
154,Focused,85
154,Focused,85
154,Focused,85
154,Focused,85
154,Focused,85
154,Focused,85
154,Focused,85
154,Focused,85
155,Sleeping,85
155,Distracted,85
155,Focused,85
155,Focused,85
155,Focused,85
155,Focused,85
155,Focused,85
155,Distracted,85
156,Distracted,85
156,Sleeping,85
156,Focused,85
156,Focused,85
156,Focused,85
156,Focused,85
156,Focused,85
156,Focused,85
156,Focused,85
156,Focused,85
156,Focused,85
156,Focused,85
156,Focused,85
156,Focused,85
156,Focused,85
156,Focused,85
156,Focused,85
156,Focused,85
156,Focused,85
156,Focused,85
156,Focused,85
157,Focused,85
157,Focused,85
157,Focused,85
157,Focused,85
157,Focused,85
157,Distracted,85
157,Distracted,85
157,Focused,85
157,Focused,85
157,Focused,85
157,Focused,85
157,Focused,85
157,Focused,85
157,Focused,85
157,Focused,85
157,Focused,85
157,Focused,85
157,Focused,85
158,Focused,85
158,Distracted,85
158,Distracted,85
158,Focused,85
158,Focused,85
158,Focused,85
158,Focused,85
158,Focused,85
158,Focused,85
158,Focused,85
158,Focused,85
158,Focused,85
158,Focused,85
158,Focused,85
158,Focused,85
158,Focused,85
158,Focused,85
158,Focused,85
159,Focused,85
159,Focused,85
159,Focused,85
159,Focused,85
159,Focused,85
159,Focused,85
159,Focused,85
159,Focused,85
159,Focused,85
159,Focused,85
159,Focused,85
159,Focused,85
159,Focused,85
159,Focused,85
159,Focused,85
159,Focused,85
159,Focused,85
159,Focused,85
159,Focused,86
159,Focused,86
159,Focused,86
159,Focused,86
159,Focused,86
159,Focused,86
159,Focused,86
159,Focused,86
159,Focused,86
159,Focused,86
159,Focused,86
160,Focused,86
160,Focused,86
160,Focused,86
160,Focused,86
160,Focused,86
160,Focused,86
160,Focused,86
160,Focused,86
160,Focused,86
160,Focused,86
160,Focused,86
160,Focused,86
160,Focused,86
160,Focused,86
160,Focused,86
160,Focused,86
160,Focused,86
160,Focused,86
160,Focused,86
160,Focused,86
160,Focused,86
160,Focused,86
160,Focused,86
160,Focused,86
160,Focused,86
160,Focused,86
160,Focused,86
160,Focused,86
160,Focused,86
160,Focused,86
160,Focused,86
161,Focused,86
161,Focused,86
161,Focused,86
161,Focused,86
161,Focused,86
161,Focused,86
161,Focused,86
161,Focused,86
161,Focused,86
161,Focused,86
161,Focused,86
161,No Face,86
161,Focused,86
161,No Face,86
161,No Face,86
161,Focused,86
161,Focused,86
161,No Face,86
161,No Face,86
161,Focused,86
161,No Face,86
161,No Face,86
161,No Face,86
161,No Face,86
161,Focused,86
161,Focused,86
161,Focused,86
161,Focused,86
161,Focused,86
161,Focused,86
162,No Face,86
162,Focused,86
162,No Face,85
162,Focused,85
162,Focused,85
162,Focused,85
162,Focused,85
162,Focused,86
162,Focused,86
162,Focused,86
162,Focused,86
162,Sleeping,85
163,Sleeping,85
163,Sleeping,85
163,Sleeping,85
163,Focused,85
163,Focused,85
163,Focused,85
163,Focused,85
163,Focused,85
163,Focused,85
163,Focused,85
164,Focused,85
164,Focused,85
164,Focused,85
164,Focused,85
164,Focused,85
164,Focused,85
164,Focused,85
164,Focused,85
164,Focused,85
164,Focused,85
164,Focused,85
164,Focused,85
164,Focused,85
164,Focused,86
164,Focused,86
164,Sleeping,85
164,Focused,85
164,Focused,85
164,Focused,85
164,Focused,85
164,Focused,86
164,Focused,86
165,Focused,86
165,Focused,86
165,Focused,86
165,Focused,86
165,Distracted,85
165,Focused,85
165,Focused,86
165,Focused,86
165,Focused,86
165,Focused,86
165,Focused,86
165,Focused,86
165,Focused,86
165,Focused,86
165,Focused,86
165,Focused,86
165,Focused,86
165,Focused,86
165,Focused,86
165,Focused,86
165,Focused,86
165,Focused,86
165,Focused,86
165,Focused,86
165,Focused,86
165,Focused,86
166,Focused,86
166,Focused,86
166,Focused,86
166,Focused,86
166,Focused,86
166,Focused,86
166,Focused,86
166,Focused,86
166,Focused,86
166,Focused,86
166,Focused,86
166,Focused,86
166,Focused,86
166,Focused,86
166,Focused,86
166,Focused,86
166,Focused,86
166,Focused,86
166,Focused,86
166,Focused,86
166,Focused,86
166,Focused,86
166,Focused,86
166,Focused,86
166,Focused,86
166,Focused,86
166,Focused,86
166,Focused,86
166,Focused,86
167,Focused,86
167,Focused,86
167,Focused,86
167,Focused,86
167,Focused,86
167,Focused,86
167,Focused,86
167,Focused,86
167,Focused,86
167,Focused,86
167,Focused,86
167,Focused,86
167,Focused,86
167,Focused,86
167,Focused,86
167,Focused,86
167,Focused,86
167,Focused,86
167,Focused,86
167,Focused,86
167,Focused,86
167,Focused,86
167,Focused,86
167,Focused,86
167,Focused,86
167,Focused,86
167,Focused,86
167,Focused,86
167,Focused,86
167,Focused,86
167,Focused,86
168,Focused,86
168,Focused,86
168,Focused,86
168,Focused,86
168,Focused,86
168,Focused,86
168,Focused,86
168,Focused,86
168,Focused,86
168,Focused,86
168,Focused,86
168,Focused,86
168,Focused,86
168,Focused,86
168,Focused,86
168,Focused,86
168,Focused,86
168,Focused,86
168,Focused,86
168,Focused,86
168,Focused,86
168,Focused,86
168,Focused,86
168,Focused,86
168,Focused,86
168,Focused,86
168,Focused,86
169,Distracted,86
169,Sleeping,86
169,Sleeping,86
170,Sleeping,86
170,Sleeping,86
170,Sleeping,86
170,Focused,86
170,Focused,86
171,Focused,86
171,Focused,86
171,Focused,86
171,Focused,86
171,Focused,86
171,Focused,86
171,Focused,86
171,Focused,86
171,Focused,86
171,Focused,86
171,Focused,86
171,Focused,86
171,Focused,86
171,Focused,86
171,Focused,86
171,Focused,86
171,Focused,86
171,Focused,86
171,Focused,86
171,Focused,86
171,Focused,86
171,Focused,86
171,Focused,86
171,Focused,86
171,Focused,86
171,Focused,86
171,Focused,86
171,Focused,86
171,Focused,86
171,Focused,86
172,Focused,86
172,Focused,86
172,Focused,86
172,Focused,86
172,Focused,86
172,Focused,86
172,Focused,86
172,Focused,86
172,Focused,86
172,Focused,86
172,Focused,86
172,Focused,86
172,Focused,86
172,Focused,86
172,Focused,86
172,Focused,86
172,Focused,86
172,Focused,86
172,Focused,86
172,Focused,86
172,Focused,86
172,Focused,86
172,Focused,86
172,Focused,86
172,Focused,86
172,Focused,86
172,Focused,86
172,Focused,86
172,Focused,86
172,Focused,86
173,Focused,86
173,Focused,86
173,Focused,86
173,Focused,86
173,Focused,86
173,Focused,86
173,Focused,86
173,Focused,86
173,Focused,86
173,Focused,86
173,Focused,86
173,Focused,86
173,Focused,86
173,Focused,86
173,Focused,86
173,No Face,86
173,No Face,86
173,No Face,86
173,Focused,86
173,Focused,86
173,Focused,86
173,Focused,86
173,Focused,86
173,Focused,86
173,Focused,86
173,Focused,86
173,Focused,86
173,Focused,86
173,Focused,86
173,Focused,86
174,Focused,86
174,Focused,86
174,Focused,86
174,No Face,86
174,No Face,86
174,No Face,86
174,No Face,86
174,No Face,86
174,No Face,86
174,No Face,86
174,No Face,86
174,No Face,86
174,No Face,86
174,No Face,86
174,No Face,86
174,No Face,86
174,No Face,86
174,No Face,86
174,No Face,86
174,No Face,86
174,No Face,86
174,No Face,86
174,No Face,86
174,No Face,86
174,No Face,86
174,No Face,86
174,No Face,85
174,No Face,85
174,No Face,85
174,No Face,85
174,No Face,85
175,No Face,85
175,No Face,85
175,No Face,85
175,No Face,85
175,No Face,85
175,No Face,85
175,No Face,85
175,No Face,85
175,Focused,85
175,Focused,85
175,Focused,85
175,No Face,85
175,Focused,85
175,Focused,85
175,Focused,85
175,No Face,85
175,No Face,85
175,Focused,85
175,Focused,85
175,Focused,85
175,Focused,85
175,Focused,85
175,Focused,85
175,Focused,85
175,Focused,85
175,Focused,85
175,Focused,85
175,Focused,85
175,Focused,85
176,Focused,85
176,No Face,85
176,No Face,85
176,No Face,85
176,No Face,85
176,No Face,85
176,Focused,85
176,No Face,85
176,No Face,85
176,Focused,85
176,Focused,85
176,No Face,85
176,No Face,85
176,Distracted,85
176,No Face,85
176,No Face,85
176,No Face,85
176,No Face,85
176,No Face,85
176,No Face,85
176,No Face,85
176,No Face,85
176,No Face,85
176,No Face,85
177,No Face,85
177,No Face,85
177,No Face,85
177,No Face,85
177,Focused,85
177,No Face,85
177,No Face,85
177,Focused,85
177,Focused,85
177,Focused,85
177,No Face,85
177,Focused,85
177,Focused,85
177,Focused,85
177,No Face,85
177,No Face,85
177,Focused,85
177,Focused,85
177,Focused,85
177,No Face,84
177,No Face,84
177,No Face,84
177,No Face,84
177,No Face,84
177,No Face,84
177,No Face,84
177,No Face,84
177,No Face,84
177,No Face,84
177,No Face,84
178,No Face,84
178,No Face,84
178,No Face,84
178,No Face,84
178,No Face,84
178,Focused,84
178,No Face,84
178,No Face,84
178,No Face,84
178,No Face,84
178,No Face,84
178,No Face,84
178,No Face,84
178,Focused,84
178,Focused,84
178,Focused,84
178,Focused,84
178,Focused,84
178,Focused,84
178,Focused,84
178,Focused,84
178,Focused,84
178,Focused,84
178,Focused,84
178,Focused,84
178,Focused,84
178,Focused,84
178,Focused,84
178,Focused,84
178,Focused,84
179,Focused,84
179,Focused,84
179,Focused,84
179,Focused,84
179,Focused,84
179,Focused,84
179,Focused,84
179,Focused,84
179,Focused,84
179,Focused,84
179,Focused,84
179,Focused,84
179,Focused,84
179,Focused,84
179,Focused,84
179,Focused,84
179,Focused,84
179,Focused,84
179,Focused,84
179,Focused,84
179,Focused,84
179,Focused,84
179,Distracted,84
179,Focused,84
179,No Face,84
179,No Face,84
180,No Face,84
180,Focused,84
180,Focused,84
180,No Face,84
180,Focused,84
180,Focused,84
180,Focused,84
180,Focused,84
180,Focused,84
180,Focused,84
180,Focused,84
180,Focused,84
180,Focused,84
180,Focused,84
180,Focused,84
180,Focused,84
180,Focused,84
180,Focused,84
180,Focused,84
180,Focused,84
180,Focused,84
180,Focused,84
180,Focused,84
180,Focused,84
180,Focused,84
180,Focused,84
180,Focused,84
180,Focused,84
180,Focused,84
180,Focused,84
180,Focused,84
180,Focused,84
181,Focused,84
181,Focused,84
181,No Face,84
181,No Face,84
181,No Face,84
181,No Face,84
181,No Face,84
181,No Face,84
181,No Face,84
181,Focused,84
181,Focused,84
181,Focused,84
181,No Face,84
181,No Face,84
181,No Face,84
181,No Face,84
181,Focused,84
181,Focused,84
181,No Face,84
181,Focused,84
181,Focused,84
181,Focused,84
181,Focused,84
181,Focused,84
181,Focused,84
181,Focused,84
181,Focused,84
181,Focused,84
181,Focused,84
181,Focused,84
182,Focused,84
182,Focused,84
182,Focused,84
182,Focused,84
182,Focused,84
182,Focused,84
182,Focused,84
182,Focused,84
182,Focused,84
182,Focused,84
182,Focused,84
182,Focused,84
182,Focused,84
182,Focused,84
182,Focused,84
182,Focused,84
182,Focused,84
182,Focused,84
182,Focused,84
182,Focused,84
182,Focused,84
182,Focused,84
182,Focused,84
182,Focused,84
182,Focused,84
182,Focused,84
182,Focused,84
182,Focused,84
182,Focused,84
183,Focused,84
183,Focused,84
183,Focused,84
183,Focused,84
183,Focused,84
183,Focused,84
183,Focused,84
183,Sleeping,84
183,Focused,84
183,Focused,84
183,Focused,84
183,Focused,84
183,Focused,84
183,Focused,84
183,Focused,84
183,Focused,84
183,Focused,84
183,Focused,84
183,Focused,84
183,Focused,84
184,Focused,84
184,Focused,84
184,Focused,84
184,Focused,84
184,Focused,84
184,Sleeping,84
184,Focused,84
184,Focused,84
184,Focused,84
184,Focused,84
184,Focused,84
184,Focused,84
184,Focused,84
184,Focused,84
184,Focused,84
184,Focused,84
184,Focused,84
184,Focused,84
184,Focused,84
184,No Face,84
184,Focused,84
184,No Face,84
185,Focused,84
185,Focused,84
185,Focused,84
185,Focused,84
185,Focused,84
185,No Face,84
185,No Face,84
185,No Face,84
185,No Face,84
185,No Face,84
185,Focused,84
185,Focused,84
185,Focused,84
185,Focused,84
185,Focused,84
185,No Face,84
185,Focused,84
185,Focused,84
185,Focused,84
185,Focused,84
185,Focused,84
185,Focused,84
185,Focused,84
185,Focused,84
185,Focused,84
185,Focused,84
185,Focused,84
185,Focused,84
185,Focused,84
185,Focused,84
186,Focused,84
186,Focused,84
186,Focused,84
186,Distracted,84
186,Distracted,84
186,Focused,84
186,Focused,84
186,Focused,84
186,Distracted,84
186,Focused,84
186,Focused,84
186,Focused,84
187,Distracted,84
187,Focused,84
187,Focused,84
187,Focused,84
187,Focused,84
187,Distracted,84
187,Focused,84
187,Focused,84
187,Focused,84
187,Focused,84
187,Focused,84
187,Focused,84
187,Focused,84
187,Focused,84
187,Focused,84
187,Focused,84
187,Focused,84
187,Focused,84
187,Focused,84
187,Focused,84
188,Focused,84
188,Focused,84
188,Focused,84
188,Focused,84
188,Focused,84
188,Focused,84
188,Focused,84
188,Focused,84
188,Focused,84
188,Focused,84
188,Sleeping,84
188,Distracted,84
188,Focused,84
188,Focused,84
188,Focused,84
189,Focused,84
189,Focused,84
189,Focused,84
189,Focused,84
189,Focused,84
189,Focused,84
189,Distracted,84
189,Distracted,84
189,Distracted,84
190,Distracted,84
190,Distracted,84
190,Distracted,84
190,Focused,84
190,Focused,84
190,Distracted,84
191,Sleeping,84
191,Sleeping,84
191,Distracted,84
191,Focused,84
192,Distracted,84
192,Distracted,84
192,Focused,84
192,Focused,84
192,Focused,84
192,Focused,84
192,Focused,84
192,Focused,84
192,Focused,84
192,Focused,84
192,Focused,84
192,Focused,84
192,Focused,84
192,Focused,84
192,Focused,84
192,Focused,84
192,Focused,84
192,Focused,84
192,Focused,84
192,Focused,84
192,Focused,84
192,Focused,84
192,Focused,84
193,Focused,84
193,Focused,84
193,Focused,84
193,Focused,84
193,Focused,84
193,Focused,84
193,Focused,84
193,Focused,84
193,Focused,84
193,Focused,84
193,Focused,84
193,Focused,84
193,Focused,84
193,Focused,84
193,Focused,84
193,Focused,84
193,Focused,84
193,Focused,84
193,Focused,84
193,No Face,84
193,No Face,84
193,No Face,84
193,No Face,84
193,No Face,84
193,Focused,84
193,No Face,84
193,No Face,84
193,No Face,84
193,Focused,84
193,No Face,84
193,No Face,84
193,No Face,84
194,No Face,84
194,No Face,84
194,No Face,84
194,No Face,84
194,No Face,84
194,No Face,84
194,Focused,84
194,No Face,84
194,No Face,84
194,No Face,84
194,Focused,84
194,No Face,84
194,Focused,84
194,Focused,84
194,No Face,84
194,Focused,84
194,Focused,84
194,Focused,84
194,Focused,84
194,Focused,84
194,Focused,84
194,Focused,84
194,Focused,84
194,Focused,84
194,Focused,84
194,Focused,84
194,Focused,84
194,Focused,84
194,Focused,84
195,Focused,84
195,Focused,84
195,Focused,84
195,Focused,84
195,Focused,84
195,Focused,84
195,Focused,84
195,Focused,84
195,Focused,84
195,Focused,84
195,Focused,84
195,Focused,84
195,Focused,84
195,Focused,84
195,Focused,84
195,Focused,84
195,Distracted,84
195,Distracted,84
196,Focused,84
196,Focused,84
196,Focused,84
196,Focused,84
196,Focused,84
196,Focused,84
196,Focused,84
196,Focused,84
196,Focused,84
196,Focused,84
196,Distracted,84
196,Focused,84
196,Focused,84
196,Focused,84
196,Focused,84
196,Focused,84
196,Focused,84
196,Focused,84
196,Focused,84
196,Focused,84
197,Sleeping,84
197,Focused,84
197,Focused,84
197,Sleeping,84
197,Focused,84
197,Focused,84
197,Distracted,84
197,Focused,84
197,Focused,84
197,Focused,84
198,Focused,84
198,Focused,84
198,Focused,84
198,Focused,84
198,Focused,84
198,Focused,84
198,Focused,84
198,Focused,84
198,Focused,84
198,Focused,84
198,Focused,84
198,Focused,84
198,Focused,84
198,Focused,84
198,Focused,84
198,Focused,84
198,Focused,84
198,Focused,84
198,Focused,84
198,Focused,84
198,Focused,84
198,Distracted,84
198,Focused,84
198,Focused,84
199,Focused,84
199,Focused,84
199,Focused,84
199,Focused,84
199,Sleeping,84
199,Focused,84
199,Focused,84
199,Focused,84
199,Focused,84
199,Focused,84
199,Focused,84
199,Focused,84
199,Focused,84
199,Focused,84
199,Focused,84
199,Distracted,84
200,Sleeping,84
200,Distracted,84
200,Distracted,84
201,Distracted,84
201,Focused,84
201,Focused,84
201,Focused,84
201,Focused,84
201,Focused,84
201,Focused,84
201,Focused,84
201,Focused,84
201,Focused,84
201,Focused,84
201,Focused,84
201,Focused,84
201,Focused,84
201,Focused,84
201,Focused,84
201,Focused,84
201,Focused,84
201,Focused,84
201,Focused,84
201,Focused,84
201,Focused,84
201,Focused,84
201,Focused,84
201,Focused,84
201,Focused,84
201,Focused,84
201,Focused,84
201,Focused,84
202,Focused,84
202,Focused,84
202,Focused,84
202,Sleeping,84
202,Focused,84
202,Focused,84
202,Focused,84
202,Focused,84
202,Focused,84
202,Focused,84
202,Focused,84
202,Focused,84
202,Focused,84
202,Focused,84
202,Focused,84
203,Distracted,84
203,Focused,84
203,Focused,84
203,Focused,84
203,Focused,84
203,Focused,84
203,Focused,84
203,Focused,84
203,Focused,84
203,Focused,84
203,Focused,84
203,Focused,84
203,Focused,84
203,Focused,84
203,Focused,84
203,Focused,84
203,Focused,84
203,Sleeping,84
203,Focused,84
203,Focused,84
203,Focused,84
204,Focused,84
204,Focused,84
204,Focused,84
204,Focused,84
204,Focused,84
204,Focused,84
204,Focused,84
204,Focused,84
204,Focused,84
204,Focused,84
204,Focused,84
204,Focused,84
204,Focused,84
204,Focused,84
204,Focused,84
204,Focused,84
204,Focused,84
204,Focused,84
204,Focused,84
204,Focused,84
204,Focused,84
204,Focused,84
204,Focused,84
204,Distracted,84
205,Focused,84
205,Focused,84
205,Focused,84
205,Focused,84
205,Focused,84
205,Focused,84
205,Focused,84
205,Focused,84
205,Focused,84
205,Focused,84
205,Focused,84
205,Focused,84
205,Focused,84
205,Focused,84
205,Focused,84
205,Focused,84
205,Focused,84
205,Focused,84
205,Focused,84
205,Focused,84
205,Focused,84
205,Focused,84
205,Focused,84
205,Focused,84
205,Focused,84
205,Focused,84
205,Focused,84
205,Focused,84
205,Focused,84
205,Focused,84
206,Focused,84
206,Focused,84
206,Focused,84
206,Focused,84
206,Focused,84
206,Focused,84
206,Focused,84
206,Focused,84
206,Focused,84
206,Focused,84
206,Focused,84
206,Focused,84
206,Focused,84
206,Sleeping,84
206,Focused,84
206,Focused,84
206,Focused,84
206,Focused,84
206,Focused,84
206,Focused,84
206,Focused,84
207,Focused,84
207,Focused,84
207,Focused,84
207,Focused,84
207,Focused,84
207,Focused,84
207,Focused,84
207,Focused,84
207,Focused,84
207,Focused,84
207,Focused,84
207,Sleeping,84
207,Focused,84
207,Focused,84
207,Focused,84
207,Focused,84
207,Focused,84
207,Focused,84
207,Focused,84
207,Focused,84
207,Focused,84
208,Focused,84
208,Focused,84
208,Focused,84
208,Focused,84
208,Focused,84
208,Focused,84
208,Focused,84
208,Focused,84
208,Focused,84
208,Focused,84
208,Sleeping,84
208,Focused,84
208,Focused,84
208,Focused,84
208,Focused,84
208,Focused,84
208,Focused,84
208,Focused,84
208,Focused,84
208,Focused,84
208,Focused,84
208,Focused,84
208,Focused,84
209,Focused,84
209,Focused,84
209,Focused,84
209,Focused,84
209,Focused,84
209,Focused,84
209,Focused,84
209,Focused,84
209,Focused,84
209,Distracted,84
209,Focused,84
209,Focused,84
209,Focused,84
209,Focused,84
209,Focused,84
209,Focused,84
209,Focused,84
209,Focused,84
209,Focused,84
209,Focused,84
209,Focused,84
209,Focused,84
209,Focused,84
209,Focused,84
210,Focused,84
210,Focused,84
210,Focused,84
210,Focused,84
210,Distracted,84
210,Focused,84
210,Focused,84
210,Focused,84
210,Focused,84
210,Focused,84
210,Focused,84
210,Focused,84
210,Distracted,84
210,Focused,84
210,Focused,84
210,Focused,84
211,Focused,84
211,Focused,84
211,Focused,84
211,Focused,84
211,Focused,84
211,Focused,84
211,Distracted,84
211,Focused,84
211,Focused,84
211,Focused,84
211,Focused,84
211,Focused,84
211,Focused,84
211,Focused,84
211,Focused,84
211,Focused,84
211,Focused,84
211,Focused,84
211,Focused,84
211,Focused,84
211,Focused,84
211,Focused,84
211,Focused,84
212,Distracted,84
212,Focused,84
212,Focused,84
212,Focused,84
212,Focused,84
212,Focused,84
212,Focused,84
212,Focused,84
212,Focused,84
212,Focused,84
212,Focused,84
212,Focused,84
212,Focused,84
212,Focused,84
212,Focused,84
212,Focused,84
212,Focused,84
212,Focused,84
212,Focused,84
212,Focused,84
212,Focused,84
212,Focused,84
212,Focused,84
212,Focused,84
212,Focused,84
213,Focused,84
213,Focused,84
213,Focused,84
213,Focused,84
213,Focused,84
213,Focused,84
213,Focused,84
213,Focused,84
213,Sleeping,84
213,No Face,84
213,No Face,84
213,No Face,84
213,No Face,84
213,No Face,84
213,No Face,84
213,No Face,84
213,No Face,84
213,No Face,84
213,No Face,84
213,No Face,84
213,No Face,84
213,No Face,84
214,Distracted,84
214,Focused,84
214,Focused,84
214,Focused,84
214,Focused,84
214,Focused,84
214,Focused,84
214,Focused,84
214,Focused,84
214,Focused,84
214,Focused,84
214,Focused,84
214,Focused,84
214,Focused,84
214,Focused,84
214,Focused,84
214,Focused,84
214,Focused,84
214,Focused,84
214,Focused,84
214,Focused,84
214,Focused,84
214,Focused,84
215,Focused,84
215,Focused,84
215,Focused,84
215,Distracted,84
215,Focused,84
215,Focused,84
215,Focused,84
215,Focused,84
215,Focused,84
215,Focused,84
215,Focused,84
215,Focused,84
215,Focused,84
215,Focused,84
215,Focused,84
215,Focused,84
215,Focused,84
215,Focused,84
215,Focused,84
215,Focused,84
215,Focused,84
215,Focused,84
215,Focused,84
215,Focused,84
216,Focused,84
216,Focused,84
216,Focused,84
216,Sleeping,84
216,Focused,84
216,Focused,84
216,Focused,84
216,Focused,84
216,Focused,84
216,Focused,84
216,Focused,84
216,Focused,84
216,Focused,84
216,Focused,84
216,Focused,84
216,Focused,84
216,Focused,84
216,Focused,84
216,Focused,84
216,Focused,84
216,Focused,84
217,Focused,84
217,Focused,84
217,Focused,84
217,Focused,84
217,Focused,84
217,Focused,84
217,Focused,84
217,Focused,84
217,Focused,84
217,Focused,84
217,Focused,84
217,Focused,84
217,Focused,84
217,Focused,84
217,Focused,84
217,Focused,84
217,Focused,84
217,Focused,84
217,Sleeping,84
217,Focused,84
217,Focused,84
218,Focused,84
218,Focused,84
218,Focused,84
218,Focused,84
218,Focused,84
218,Focused,84
218,Focused,84
218,Focused,84
218,Focused,84
218,Focused,84
218,Focused,84
218,Focused,84
218,Focused,84
218,Focused,84
218,Focused,84
218,Focused,84
218,Focused,84
218,Focused,84
218,Focused,84
218,Focused,84
218,Focused,84
218,Focused,84
218,Distracted,84
219,Focused,84
219,Focused,84
219,Focused,84
219,Focused,84
219,Focused,84
219,Focused,84
219,Focused,84
219,Focused,84
219,Focused,84
219,Focused,84
219,Focused,84
219,Focused,84
219,Focused,84
219,Focused,84
219,Focused,84
219,Focused,84
219,Focused,84
219,Focused,85
219,Focused,85
219,Focused,85
219,Focused,85
219,Focused,85
219,Focused,85
219,Focused,85
219,Focused,85
219,Focused,85
220,Distracted,85
220,Focused,85
220,Focused,85
220,Focused,85
220,Focused,85
220,Focused,85
220,Focused,85
220,Focused,85
220,Focused,85
220,Focused,85
220,Focused,85
220,Focused,85
220,Focused,85
220,Focused,85
220,Focused,85
220,Focused,85
220,Focused,85
220,Focused,85
220,Focused,85
220,Focused,85
220,Focused,85
220,Focused,85
220,Focused,85
220,Focused,85
220,Focused,85
220,Focused,85
220,Focused,85
220,Focused,85
220,Focused,85
221,Focused,85
221,Focused,85
221,Focused,85
221,Focused,85
221,Focused,85
221,Focused,85
221,Focused,85
221,Focused,85
221,Focused,85
221,Focused,85
221,Focused,85
221,Focused,85
221,Focused,85
221,Focused,85
221,Focused,85
221,Focused,85
221,Focused,85
221,Focused,85
221,Focused,85
221,Focused,85
221,Focused,85
221,Focused,85
221,Focused,85
221,Focused,85
221,Focused,85
221,Focused,85
221,Focused,85
221,Focused,85
221,Focused,85
221,Focused,85
222,Focused,85
222,Focused,85
222,Focused,85
222,Focused,85
222,Focused,85
222,Focused,85
222,Focused,85
222,Focused,85
222,Focused,85
222,Focused,85
222,Focused,85
222,Focused,85
222,Focused,85
222,Focused,85
222,Focused,85
222,Focused,85
222,Focused,85
222,Focused,85
222,Focused,85
222,Focused,85
222,Focused,85
222,Focused,85
222,Focused,85
222,Focused,85
222,Focused,85
222,Focused,85
222,Focused,85
222,Focused,85
222,Focused,85
222,Focused,85
223,Focused,85
223,Focused,85
223,Focused,85
223,Focused,85
223,Focused,85
223,Focused,85
223,Focused,85
223,Focused,85
223,Focused,85
223,Focused,85
223,Focused,85
223,Focused,85
223,Focused,85
223,Focused,85
223,Focused,85
223,Focused,85
223,Focused,85
223,Focused,85
223,Focused,85
223,Focused,85
223,Focused,85
223,Focused,85
223,Focused,85
223,Focused,85
223,Focused,85
223,Focused,85
223,Focused,85
223,Focused,85
223,Focused,85
224,Sleeping,85
224,Focused,85
224,Focused,85
224,Focused,85
224,Focused,85
224,Focused,85
224,Focused,85
224,Focused,85
224,Focused,85
224,Focused,85
224,Focused,85
224,Focused,85
224,Focused,85
224,Focused,85
224,Focused,85
224,Focused,85
224,Focused,85
224,Focused,85
224,Focused,85
224,Focused,85
224,Focused,85
224,Focused,85
225,Focused,85
225,Focused,85
225,Focused,85
225,Focused,85
225,Focused,85
225,Focused,85
225,Focused,85
225,Focused,85
225,Focused,85
225,Focused,85
225,Focused,85
225,Focused,85
225,Focused,85
225,Focused,85
225,Focused,85
225,Distracted,85
225,Focused,85
225,Distracted,85
226,Focused,85
226,Focused,85
226,Focused,85
226,Focused,85
226,Focused,85
226,Focused,85
226,Focused,85
226,Focused,85
226,Focused,85
226,Focused,85
226,Focused,85
226,Focused,85
226,Focused,85
226,Focused,85
226,Focused,85
226,Focused,85
226,Focused,85
226,Focused,85
226,Focused,85
226,Focused,85
226,Focused,85
226,Focused,85
226,Focused,85
226,Focused,85
226,Focused,85
226,Focused,85
226,Focused,85
227,Sleeping,85
227,Focused,85
227,Focused,85
227,Focused,85
227,Focused,85
227,Focused,85
227,Focused,85
227,Focused,85
227,Focused,85
227,Focused,85
227,Focused,85
227,Focused,85
227,Focused,85
227,Focused,85
227,Focused,85
227,Focused,85
227,Focused,85
227,Focused,85
227,Focused,85
227,Focused,85
227,Focused,85
227,Focused,85
227,Focused,85
227,Focused,85
227,Focused,85
228,Focused,85
228,Focused,85
228,Focused,85
228,Focused,85
228,Focused,85
228,Focused,85
228,Focused,85
228,Focused,85
228,Focused,85
228,Distracted,85
228,Focused,85
228,Focused,85
228,Focused,85
228,Focused,85
228,Focused,85
228,Focused,85
228,Focused,85
228,Focused,85
228,Focused,85
228,Focused,85
228,Focused,85
228,Focused,85
228,Focused,85
229,Focused,85
229,Focused,85
229,Focused,85
229,Focused,85
229,Focused,85
229,Focused,85
229,Focused,85
229,Focused,85
229,Focused,85
229,Focused,85
229,Focused,85
229,Focused,85
229,Focused,85
229,Focused,85
229,Focused,85
229,Focused,85
229,Focused,85
229,Focused,85
229,Focused,85
229,Focused,85
229,Focused,85
230,Sleeping,85
230,Focused,85
230,Focused,85
230,Focused,85
230,Focused,85
230,Focused,85
230,Focused,85
230,Focused,85
230,Focused,85
230,Focused,85
230,Focused,85
230,Focused,85
230,Focused,85
230,Focused,85
230,Focused,85
230,Focused,85
230,Focused,85
230,Focused,85
230,Focused,85
230,Distracted,85
231,Sleeping,85
231,Focused,85
231,Focused,85
231,Focused,85
231,Focused,85
231,Focused,85
231,Focused,85
231,Focused,85
231,Focused,85
231,Sleeping,85
231,Focused,85
231,Focused,85
231,Focused,85
231,Focused,85
231,Focused,85
231,Focused,85
232,Focused,85
232,Focused,85
232,Focused,85
232,Focused,85
232,Focused,85
232,Focused,85
232,Focused,85
232,Focused,85
232,Focused,85
232,Focused,85
232,Focused,85
232,Focused,85
232,Focused,85
232,Focused,85
232,Focused,85
232,Focused,85
232,Focused,85
232,Focused,85
232,Focused,85
232,Focused,85
232,Focused,85
232,Focused,85
232,Focused,85
232,Focused,85
232,Focused,85
232,Focused,85
232,Focused,85
232,Focused,85
232,Focused,85
232,Focused,85
233,Distracted,85
233,Focused,85
233,Focused,85
233,Focused,85
233,Focused,85
233,Focused,85
233,Focused,85
233,Focused,85
233,Focused,85
233,Focused,85
233,Focused,85
233,Focused,85
233,Focused,85
233,Focused,85
233,Focused,85
233,Focused,85
233,Focused,85
233,Focused,85
233,Focused,85
233,Focused,85
233,Focused,85
233,Focused,85
233,Focused,85
233,Focused,85
234,Focused,85
234,Distracted,85
234,Distracted,85
234,No Face,85
234,Distracted,85
234,Focused,85
235,Distracted,85
235,Focused,85
235,Focused,85
235,Focused,85
235,Focused,85
235,Focused,85
235,Focused,85
235,Focused,85
235,Focused,85
235,Focused,85
235,Sleeping,85
235,Focused,85
235,Focused,85
235,Distracted,85
236,Focused,85
236,No Face,85
236,No Face,85
236,No Face,85
236,No Face,85
236,No Face,85
236,No Face,85
236,No Face,85
236,No Face,85
236,No Face,85
236,No Face,85
236,No Face,85
236,No Face,85
236,No Face,85
236,No Face,85
236,No Face,85
236,No Face,85
236,No Face,85
236,No Face,85
236,No Face,85
236,No Face,85
236,No Face,85
236,No Face,85
236,No Face,85
236,No Face,85
236,No Face,85
236,No Face,85
236,No Face,85
236,Focused,85
236,Focused,85
236,Focused,85
237,Focused,85
237,Focused,85
237,Focused,85
237,Focused,85
237,Focused,85
237,Focused,85
237,Focused,85
237,Focused,85
237,Focused,85
237,Focused,85
237,Focused,85
237,No Face,85
237,No Face,85
237,Focused,85
237,Focused,85
237,Focused,85
237,Focused,85
237,Focused,85
237,Focused,85
237,Focused,85
237,Focused,85
237,Focused,85
237,Focused,85
237,Focused,85
237,Focused,85
237,Focused,85
237,Focused,85
237,Focused,85
237,Focused,85
237,Focused,85
238,Focused,85
238,Focused,85
238,Focused,85
238,Focused,85
238,Focused,85
238,Focused,85
238,Focused,85
238,Focused,85
238,Focused,85
238,Focused,85
238,Focused,85
238,Focused,85
238,Focused,85
238,Focused,85
238,Focused,85
238,Focused,85
238,Focused,85
238,Focused,85
238,Focused,85
238,Focused,85
238,Focused,85
238,Focused,85
238,Focused,85
238,Focused,85
238,Focused,85
238,Focused,85
238,Focused,85
238,Focused,85
238,Focused,85
238,Focused,85
239,Focused,85
239,Focused,85
239,Focused,85
239,Focused,85
239,Focused,85
239,Focused,85
239,Focused,85
239,Focused,85
239,Focused,85
239,Focused,85
239,Focused,85
239,Focused,85
239,Focused,85
239,Focused,85
239,Focused,85
239,Focused,85
239,Focused,85
239,Focused,85
239,Focused,85
239,Focused,85
239,Focused,85
239,Focused,85
239,Focused,85
239,Focused,85
239,Focused,85
239,Focused,85
239,Focused,85
239,Focused,85
239,Focused,85
239,Focused,85
239,Focused,85
240,Focused,85
240,Focused,85
240,Focused,85
240,Focused,85
240,Focused,85
240,Focused,85
240,Focused,85
240,Focused,85
240,Focused,85
240,Focused,85
240,Focused,85
240,Focused,85
240,Focused,85
240,Focused,85
240,Focused,85
240,Focused,85
240,Focused,85
240,Focused,85
240,Focused,85
240,Focused,85
240,Focused,85
240,Focused,85
240,Focused,85
240,Focused,85
240,Focused,85
240,Focused,85
240,Focused,85
240,Focused,85
240,Focused,85
241,Focused,85
241,Focused,85
241,Focused,85
241,Focused,85
241,Focused,85
241,Focused,85
241,Focused,85
241,Focused,85
241,Focused,85
241,Focused,85
241,Focused,85
241,Focused,85
241,Focused,85
241,Focused,85
241,Focused,85
241,Focused,85
241,Focused,85
241,Focused,85
241,Focused,85
241,Focused,85
241,Focused,85
241,Focused,85
241,Focused,85
241,Focused,85
241,Focused,85
241,Focused,85
241,Focused,85
241,Focused,85
241,Focused,85
241,Focused,85
241,Focused,85
242,Focused,85
242,Focused,85
242,Focused,85
242,Focused,85
242,Focused,85
242,Focused,85
242,Focused,85
242,Focused,85
242,Focused,85
242,Focused,85
242,Focused,85
242,Focused,85
242,Focused,85
242,Focused,85
242,Focused,85
242,Focused,85
242,Focused,85
242,Focused,85
242,Focused,85
242,Focused,85
242,Focused,85
242,Focused,85
242,Focused,85
242,Focused,85
242,Focused,85
242,Focused,85
242,Focused,85
242,Focused,85
243,Focused,85
243,Focused,85
243,Focused,85
243,Focused,85
243,Focused,85
243,Focused,85
243,Focused,85
243,Focused,85
243,Focused,85
243,Focused,85
243,Focused,85
243,Focused,85
243,Focused,85
243,Focused,85
243,Focused,85
243,Focused,85
243,Focused,85
243,Focused,85
243,Focused,85
243,Focused,85
243,Focused,85
243,Focused,85
243,Focused,85
243,Focused,85
243,Focused,85
243,Focused,85
243,Focused,85
243,Focused,85
243,Focused,85
243,Focused,85
244,Focused,85
244,Focused,85
244,Focused,85
244,Focused,85
244,Focused,85
244,Focused,85
244,Focused,85
244,Focused,85
244,Focused,85
244,Focused,85
244,Focused,85
244,Focused,85
244,Focused,85
244,Focused,85
244,Focused,85
244,Focused,85
244,Focused,85
244,Focused,85
244,Focused,85
244,Focused,85
244,Focused,85
244,Focused,85
244,Focused,85
244,Focused,85
244,Focused,85
244,Focused,85
244,Focused,85
244,Focused,85
244,Focused,85
244,Focused,85
244,Focused,85
245,Focused,85
245,Focused,85
245,Focused,85
245,Focused,85
245,Focused,86
245,Focused,86
245,Focused,86
245,Focused,86
245,Focused,86
245,Focused,86
245,Focused,86
245,Focused,86
245,Focused,86
245,Focused,86
245,Focused,86
245,Focused,86
245,Focused,86
245,Focused,86
245,Focused,86
245,Focused,86
245,Focused,86
245,Focused,86
245,Focused,86
245,Focused,86
245,Focused,86
245,Focused,86
245,Focused,86
245,Focused,86
245,Focused,86
246,Focused,86
246,Focused,86
246,Focused,86
246,Focused,86
246,Focused,86
246,Focused,86
246,Focused,86
246,Focused,86
246,Focused,86
246,Focused,86
246,Focused,86
246,Focused,86
246,Focused,86
246,Focused,86
246,Focused,86
246,Focused,86
246,Focused,86
246,Focused,86
246,Focused,86
246,Focused,86
246,Focused,86
246,Focused,86
246,Focused,86
246,Focused,86
246,Focused,86
246,Focused,86
246,Focused,86
246,Focused,86
247,Distracted,86
247,Focused,86
247,Focused,86
247,Focused,86
247,Focused,86
247,Focused,86
247,Focused,86
247,Focused,86
247,Focused,86
247,Focused,86
247,Focused,86
247,Distracted,86
248,Sleeping,86
248,Distracted,86
248,Distracted,86
248,Focused,86
248,Focused,86
248,Sleeping,86
249,Focused,86
249,Focused,86
249,Focused,86
249,Focused,86
249,Focused,86
249,Focused,86
249,Focused,86
249,Focused,86
249,Focused,86
249,Focused,86
249,Focused,86
249,Focused,86
249,Focused,86
249,Focused,86
249,Focused,86
249,Focused,86
249,Focused,86
249,Focused,86
249,No Face,86
249,Focused,86
249,Focused,86
249,No Face,86
249,Focused,86
249,Distracted,86
250,Focused,86
250,Focused,86
250,Focused,86
250,Focused,86
250,Focused,86
250,Focused,86
250,Focused,86
250,Focused,86
250,Focused,86
250,Focused,86
250,Focused,86
250,Focused,86
250,Focused,86
250,Focused,86
250,Focused,86
250,Focused,86
250,Focused,86
250,Focused,86
250,Focused,86
250,Focused,86
250,Focused,86
250,Focused,86
250,Focused,86
250,Focused,86
250,Focused,86
250,Distracted,86
250,Focused,86
251,Focused,86
251,Focused,86
251,Focused,86
251,Focused,86
251,Focused,86
251,Focused,86
251,Focused,86
251,Focused,86
251,No Face,86
251,No Face,86
251,Focused,86
251,No Face,86
251,No Face,86
251,No Face,86
251,Focused,86
251,No Face,86
251,Focused,86
251,No Face,86
251,Focused,86
251,No Face,86
251,Focused,86
251,Focused,86
251,Focused,86
251,Focused,86
251,Focused,86
251,Focused,86
251,Focused,86
251,Focused,86
251,Focused,86
251,Focused,86
252,Focused,86
252,Focused,86
252,Focused,86
252,Focused,86
252,Focused,86
252,Focused,86
252,Focused,86
252,Focused,86
252,Focused,86
252,Focused,86
252,No Face,86
252,No Face,86
252,Focused,86
252,Focused,86
252,Focused,86
252,Focused,86
252,Focused,86
252,Focused,86
252,Focused,86
252,Focused,86
252,Focused,86
252,No Face,86
252,Focused,86
252,No Face,86
252,No Face,86
252,No Face,86
252,Focused,86
252,Focused,86
252,Focused,86
252,Focused,86
253,Focused,86
253,Focused,86
253,Focused,86
253,Distracted,86
253,Sleeping,86
253,Focused,86
253,Focused,86
253,No Face,85
253,Focused,85
253,Focused,85
253,Focused,86
253,No Face,85
253,Focused,85
253,Focused,85
253,Focused,85
253,Focused,85
254,Focused,85
254,Focused,85
254,Distracted,85
254,Focused,85
254,Focused,85
254,Focused,85
254,Focused,85
254,Focused,85
254,Focused,85
254,Focused,86
254,Focused,86
254,Focused,86
254,Focused,86
254,Focused,86
254,Focused,86
254,Focused,86
254,No Face,86
254,No Face,85
254,No Face,85
254,No Face,85
254,No Face,85
254,Focused,85
254,Focused,85
255,Focused,85
255,Focused,85
255,Focused,85
255,Focused,85
255,Focused,85
255,Focused,85
255,Focused,85
255,Focused,85
255,Focused,85
255,Focused,85
255,Focused,85
255,Focused,85
255,Focused,85
255,Focused,85
255,Focused,85
255,Focused,85
255,Focused,85
255,Focused,85
255,Focused,85
255,Focused,85
255,Focused,85
255,Focused,86
255,Focused,86
255,Focused,86
255,Focused,86
255,Focused,86
255,Focused,86
255,Focused,86
255,Focused,86
255,Focused,86
255,Focused,86
256,Focused,86
256,Focused,86
256,Focused,86
256,Focused,86
256,Focused,86
256,Focused,86
256,Focused,86
256,Focused,86
256,Focused,86
256,Focused,86
256,Focused,86
256,Focused,86
256,Focused,86
256,Focused,86
256,Focused,86
256,Focused,86
256,Focused,86
256,Focused,86
256,Focused,86
256,Focused,86
256,Focused,86
256,Focused,86
256,Focused,86
256,Focused,86
256,Focused,86
256,Focused,86
257,Sleeping,86
257,Focused,86
257,Focused,86
257,Focused,86
257,Focused,86
257,Focused,86
257,Focused,86
257,Focused,86
257,Focused,86
257,Focused,86
257,Focused,86
257,Focused,86
257,Focused,86
257,Focused,86
257,Focused,86
257,Focused,86
257,Focused,86
257,Focused,86
257,Focused,86
257,Focused,86
257,Focused,86
257,Focused,86
257,Focused,86
257,Focused,86
258,Focused,86
258,Focused,86
258,Focused,86
258,Focused,86
258,Focused,86
258,Focused,86
258,Focused,86
258,Focused,86
258,Focused,86
258,Focused,86
258,Focused,86
258,Focused,86
258,Focused,86
258,Focused,86
258,Focused,86
258,Focused,86
258,Focused,86
258,Focused,86
258,Focused,86
258,Focused,86
258,Focused,86
258,Focused,86
258,Focused,86
258,Focused,86
258,Focused,86
258,Focused,86
258,Focused,86
258,Focused,86
258,Focused,86
258,Focused,86
259,Focused,86
259,Focused,86
259,Focused,86
259,Focused,86
259,Focused,86
259,Focused,86
259,Focused,86
259,Focused,86
259,Focused,86
259,Focused,86
259,Focused,86
259,Focused,86
259,Focused,86
259,Focused,86
259,Distracted,86
259,Focused,86
259,Focused,86
259,Focused,86
259,Focused,86
259,Focused,86
259,Focused,86
259,Focused,86
259,Focused,86
259,Focused,86
260,Focused,86
260,Focused,86
260,Focused,86
260,Focused,86
260,Focused,86
260,Focused,86
260,Focused,86
260,Focused,86
260,Focused,86
260,Focused,86
260,Focused,86
260,Focused,86
260,Focused,86
260,Focused,86
260,Focused,86
260,Focused,86
260,Focused,86
260,Focused,86
260,Focused,86
260,Focused,86
260,Focused,86
260,Focused,86
260,Distracted,86
261,Focused,86
261,Focused,86
261,Focused,86
261,Focused,86
261,Focused,86
261,Focused,86
261,Focused,86
261,Focused,86
261,Focused,86
261,Focused,86
261,Focused,86
261,Focused,86
261,Focused,86
261,Focused,86
261,Distracted,86
261,Focused,86
261,Focused,86
261,Focused,86
261,Focused,86
261,Focused,86
261,Focused,86
261,Focused,86
261,Focused,86
261,Focused,86
262,Focused,86
262,Focused,86
262,Focused,86
262,Focused,86
262,Focused,86
262,Focused,86
262,Focused,86
262,Focused,86
262,Focused,86
262,Focused,86
262,Focused,86
262,Focused,86
262,Focused,86
262,Focused,86
262,Focused,86
262,Focused,86
262,Focused,86
262,Focused,86
262,Focused,86
262,Focused,86
262,Focused,86
262,Focused,86
262,Focused,86
262,Focused,86
262,Focused,86
262,Focused,86
262,Focused,86
262,Focused,86
262,Focused,86
262,Focused,86
262,Focused,86
263,Focused,86
263,Focused,86
263,Focused,86
263,Focused,86
263,Focused,86
263,Focused,86
263,Focused,86
263,Focused,86
263,Distracted,86
263,Focused,86
263,Focused,86
263,Focused,86
263,Focused,86
263,Focused,86
263,Focused,86
263,Focused,86
263,Focused,86
263,Focused,86
263,Focused,86
263,Focused,86
263,Focused,86
263,Focused,86
263,Focused,86
263,Focused,86
264,Focused,86
264,Distracted,86
264,Distracted,86
264,Focused,86
264,Focused,86
264,Focused,86
264,Focused,86
264,Focused,86
264,Focused,86
264,Focused,86
264,Focused,86
264,Focused,86
264,Focused,86
264,Focused,86
264,Focused,86
264,Focused,86
264,Focused,86
264,Focused,86
265,Focused,86
265,Focused,86
265,Focused,86
265,Focused,86
265,Focused,86
265,Focused,86
265,Focused,86
265,Focused,86
265,Focused,86
265,Focused,86
265,Focused,86
265,Focused,86
265,Focused,86
265,Focused,86
265,Focused,86
265,Focused,86
265,Focused,86
265,Focused,86
265,Focused,86
265,Focused,86
265,Focused,86
265,Focused,86
265,Focused,86
265,Focused,86
265,Focused,86
265,Focused,86
265,Focused,86
265,Focused,86
265,Focused,86
265,Focused,86
266,Focused,86
266,Focused,86
266,Focused,86
266,Focused,86
266,Focused,86
266,Focused,86
266,Focused,86
266,Focused,86
266,Focused,86
266,Focused,86
266,Focused,86
266,Focused,86
266,Distracted,86
266,Focused,86
266,Focused,86
266,Focused,86
266,Focused,86
266,Focused,86
266,Focused,86
266,Focused,86
266,Focused,86
266,Focused,86
266,Focused,86
266,Focused,86
267,Focused,86
267,Focused,86
267,Focused,86
267,Focused,86
267,Focused,86
267,Focused,86
267,Focused,86
267,Distracted,86
267,Focused,86
267,Focused,86
267,Focused,86
267,Focused,86
267,Focused,86
267,Focused,86
267,Focused,86
267,Focused,86
267,Focused,86
267,Focused,86
267,Focused,86
267,Focused,86
267,Focused,86
267,Focused,86
267,Focused,86
267,Focused,86
268,Focused,86
268,Focused,86
268,Focused,86
268,Focused,86
268,Focused,86
268,Focused,86
268,Focused,86
268,Focused,86
268,Focused,86
268,Focused,86
268,Focused,86
268,Focused,86
268,Focused,86
268,Focused,86
268,Focused,86
268,Distracted,86
268,Focused,86
268,Focused,86
268,Focused,86
268,Focused,86
268,Focused,86
268,Focused,86
268,Focused,86
268,Focused,86
269,Focused,86
269,Focused,86
269,Focused,86
269,Focused,86
269,Focused,86
269,Focused,86
269,Focused,86
269,Focused,86
269,Focused,86
269,Focused,86
269,Focused,86
269,Focused,86
269,Focused,86
269,Focused,86
269,Focused,86
269,Focused,86
269,Focused,86
269,Focused,86
269,Focused,86
269,Focused,86
269,Focused,86
269,Focused,86
269,Focused,86
269,Focused,86
269,Focused,86
269,Focused,86
269,Focused,86
269,Focused,86
270,Distracted,86
270,Focused,86
270,Focused,86
270,Focused,86
270,Focused,86
270,Focused,86
270,Focused,86
270,Focused,86
270,Focused,86
270,Focused,86
270,Focused,86
270,Focused,86
270,Focused,86
270,Focused,86
270,Focused,86
270,Focused,86
270,Focused,86
270,Focused,86
270,Focused,86
270,Distracted,86
271,Focused,86
271,Focused,86
271,Focused,86
271,Focused,86
271,Focused,86
271,Focused,86
271,Focused,86
271,Focused,86
271,Focused,86
271,Focused,86
271,Focused,86
271,Focused,86
271,Focused,86
271,Focused,86
271,Focused,86
271,Focused,86
271,Focused,86
271,Focused,86
271,Focused,86
271,Focused,86
271,Focused,86
271,Focused,86
271,Focused,86
271,Focused,86
271,Focused,86
271,Focused,86
271,Focused,86
271,Focused,86
271,Focused,86
271,Focused,86
271,Focused,86
271,Focused,86
272,Focused,86
272,Focused,86
272,Focused,86
272,Focused,86
272,Focused,86
272,Focused,86
272,Focused,86
272,Focused,86
272,Focused,86
272,Focused,86
272,Focused,86
272,Focused,86
272,Focused,86
272,Focused,86
272,Focused,86
272,Focused,86
272,Distracted,86
272,Focused,86
272,Focused,86
272,Focused,86
272,Focused,86
272,Focused,86
272,Focused,86
272,Focused,86
272,Focused,86
272,Focused,86
272,Focused,86
273,Focused,86
273,Focused,86
273,Focused,86
273,Focused,86
273,Focused,86
273,Focused,86
273,Focused,86
273,Focused,86
273,Focused,86
273,Focused,86
273,Focused,86
273,Focused,86
273,Focused,86
273,Focused,86
273,Focused,86
273,Focused,86
273,Focused,86
273,Focused,86
273,Focused,86
273,Focused,86
273,Focused,86
273,Focused,86
273,Focused,86
273,Focused,86
273,Focused,86
273,Focused,86
273,Focused,86
273,Focused,86
273,Focused,86
273,Focused,86
273,Focused,86
274,Focused,86
274,Focused,86
274,Focused,86
274,Focused,86
274,Focused,86
274,Focused,86
274,Focused,86
274,Focused,86
274,Focused,86
274,Distracted,86
274,Distracted,86
274,Focused,86
275,Distracted,86
275,Distracted,86
275,Focused,86
275,Focused,86
275,Focused,86
275,Focused,86
275,Focused,86
275,Focused,86
275,Focused,86
275,Focused,86
275,Focused,86
275,Focused,86
275,Focused,86
275,Focused,86
275,Focused,86
275,Focused,86
275,Focused,86
275,Focused,86
275,Focused,86
275,Focused,86
275,Focused,86
276,Focused,86
276,Focused,86
276,Focused,86
276,Focused,86
276,Distracted,86
276,Focused,86
276,Focused,86
276,Focused,86
276,Focused,86
276,Focused,86
276,Focused,86
276,Focused,86
276,Focused,86
276,Focused,86
276,Focused,86
276,Focused,86
276,Focused,86
276,Focused,86
276,Focused,86
276,Focused,86
276,Focused,86
276,Focused,86
277,Focused,86
277,Focused,86
277,Focused,86
277,Focused,86
277,Focused,86
277,Focused,86
277,Focused,86
277,Focused,86
277,Focused,86
277,Focused,86
277,Focused,86
277,Focused,86
277,Focused,86
277,Focused,86
277,Focused,87
277,Focused,87
277,Distracted,86
277,Focused,86
277,Focused,86
277,Focused,86
277,Focused,86
278,Focused,87
278,Focused,87
278,Focused,87
278,Focused,87
278,Focused,87
278,Focused,87
278,Focused,87
278,Focused,87
278,Focused,87
278,Focused,87
278,Focused,87
278,Focused,87
278,Distracted,87
278,Focused,87
278,Focused,87
278,Focused,87
278,Focused,87
278,Focused,87
278,Focused,87
278,Focused,87
278,Focused,87
278,Focused,87
279,Focused,87
279,Focused,87
279,Focused,87
279,Focused,87
279,Focused,87
279,Focused,87
279,Focused,87
279,Focused,87
279,Focused,87
279,Focused,87
279,Focused,87
279,Focused,87
279,Focused,87
279,Focused,87
279,Focused,87
279,Focused,87
279,Focused,87
279,Focused,87
279,Focused,87
279,Focused,87
279,Focused,87
279,Focused,87
279,Focused,87
279,Focused,87
279,Focused,87
279,Focused,87
279,Focused,87
279,Focused,87
279,Focused,87
279,Focused,87
280,Focused,87
280,Focused,87
280,Focused,87
280,Focused,87
280,Focused,87
280,Focused,87
280,No Face,87
280,Focused,87
280,Focused,87
280,No Face,87
280,Focused,87
280,Focused,87
280,Focused,87
280,Focused,87
280,Focused,87
280,Focused,87
280,Focused,87
280,No Face,87
280,Focused,87
280,Focused,87
280,Focused,87
280,Focused,87
280,Focused,87
280,Focused,87
280,Focused,87
280,Focused,87
280,Focused,87
280,Focused,87
280,Focused,87
280,Focused,87
280,No Face,87
280,No Face,87
281,Focused,87
281,Focused,87
281,Focused,87
281,Focused,87
281,No Face,87
281,Focused,87
281,Focused,87
281,No Face,87
281,No Face,87
281,Focused,87
281,Focused,87
281,Focused,87
281,Focused,87
281,Focused,87
281,Focused,87
281,Focused,87
281,Focused,87
281,Focused,87
281,Focused,87
281,Focused,87
281,Focused,87
281,Distracted,87
282,Focused,87
282,Distracted,87
282,Focused,87
282,Focused,87
282,Focused,87
282,Focused,87
282,Focused,87
282,Focused,87
282,Focused,87
282,Focused,87
282,Focused,87
282,Focused,87
282,Focused,87
282,Focused,87
282,Focused,87
282,Focused,87
282,Focused,87
282,Focused,87
282,Focused,87
282,Focused,87
282,Focused,87
282,Focused,87
282,Focused,87
282,Focused,87
282,Focused,87
283,Focused,87
283,Focused,87
283,Focused,87
283,Focused,87
283,Focused,87
283,Focused,87
283,Focused,87
283,Focused,87
283,Focused,87
283,Focused,87
283,Focused,87
283,Focused,87
283,Focused,87
283,No Face,87
283,Focused,87
283,Focused,87
283,Focused,87
283,Focused,87
283,Focused,87
283,Focused,87
283,Focused,87
283,Focused,87
283,Focused,87
283,Focused,87
283,Focused,87
283,Focused,87
283,Focused,87
283,Focused,87
283,No Face,87
283,Focused,87
283,Focused,87
284,Focused,87
284,No Face,87
284,Focused,87
284,Focused,87
284,Focused,87
284,Focused,87
284,Focused,87
284,Focused,87
284,Focused,87
284,Focused,87
284,Focused,87
284,Focused,87
284,Focused,87
284,Focused,87
284,Focused,87
284,Focused,87
284,Focused,87
284,Focused,87
284,Focused,87
284,Focused,87
284,Focused,87
284,Focused,87
284,Focused,87
284,Focused,87
284,Focused,87
284,Focused,87
284,Focused,87
284,Focused,87
284,Focused,87
285,Focused,87
285,Focused,87
285,Focused,87
285,Focused,87
285,Focused,87
285,Focused,87
285,Focused,87
285,Focused,87
285,Focused,87
285,Focused,87
285,Focused,87
285,Focused,87
285,Focused,87
285,Focused,87
285,Focused,87
285,Focused,87
285,Focused,87
285,Focused,87
285,Focused,87
285,Focused,87
285,Focused,87
285,Focused,87
285,Focused,87
285,Focused,87
285,Focused,87
285,Focused,87
285,Focused,87
285,Focused,87
285,Focused,87
286,Focused,87
286,Focused,87
286,Focused,87
286,Focused,87
286,Focused,87
286,Focused,87
286,Focused,87
286,Focused,87
286,Focused,87
286,Focused,87
286,Focused,87
286,Focused,87
286,Focused,87
286,Focused,87
286,Focused,87
286,Focused,87
286,Focused,87
286,Focused,87
286,Focused,87
286,Focused,87
286,Focused,87
286,Focused,87
286,Focused,87
286,Focused,87
286,Focused,87
286,Focused,87
286,No Face,87
286,Focused,87
286,Focused,87
286,Focused,87
286,Focused,87
287,No Face,87
287,No Face,87
287,Focused,87
287,No Face,87
287,Focused,87
287,Focused,87
287,No Face,87
287,No Face,87
287,No Face,87
287,No Face,87
287,No Face,87
287,Focused,87
287,Focused,87
287,Focused,87
287,Focused,87
287,Focused,87
287,Focused,87
287,Focused,87
287,Focused,87
287,Focused,87
287,Focused,87
287,Focused,87
287,No Face,87
287,No Face,87
287,Focused,87
287,Focused,87
287,No Face,87
287,Focused,87
287,No Face,87
287,Focused,87
288,Focused,87
288,No Face,87
288,Focused,87
288,No Face,87
288,No Face,87
288,No Face,87
288,Focused,87
288,No Face,87
288,No Face,87
288,Focused,87
288,No Face,87
288,Focused,87
288,Focused,87
288,Focused,87
288,Focused,87
288,No Face,87
288,Focused,87
288,No Face,87
288,Focused,87
288,Focused,87
288,Focused,87
288,Focused,87
288,Focused,87
288,Focused,87
288,No Face,87
288,No Face,87
288,No Face,87
288,No Face,87
288,No Face,86
288,No Face,86
288,No Face,86
289,No Face,86
289,No Face,86
289,Focused,86
289,No Face,86
289,Focused,86
289,Focused,86
289,Focused,86
289,Focused,86
289,Focused,86
289,Focused,86
289,Focused,86
289,Focused,86
289,Focused,86
289,Focused,86
289,Focused,86
289,Focused,86
289,Focused,86
289,Focused,86
289,Focused,86
289,Focused,86
289,Focused,86
289,Focused,86
289,Focused,86
289,Focused,86
289,Focused,86
289,Focused,86
289,Focused,86
289,Focused,86
289,Focused,86
290,Focused,86
290,Focused,86
290,Focused,86
290,Focused,86
290,Focused,86
290,Focused,86
290,Focused,86
290,Focused,86
290,Focused,86
290,Focused,86
290,Focused,86
290,Focused,86
290,Focused,86
290,Focused,87
290,Focused,87
290,Focused,87
290,Focused,87
290,Focused,87
290,Focused,87
290,Focused,87
290,Focused,87
290,Focused,87
290,Focused,87
290,Focused,87
290,Focused,87
290,Focused,87
290,Focused,87
290,Focused,87
290,Focused,87
291,Focused,87
291,Focused,87
291,Focused,87
291,Focused,87
291,Focused,87
291,Focused,87
291,Focused,87
291,Focused,87
291,Focused,87
291,Focused,87
291,Focused,87
291,Focused,87
291,Focused,87
291,Focused,87
291,Focused,87
291,Focused,87
291,Focused,87
291,Focused,87
291,Focused,87
291,Focused,87
291,Distracted,87
291,Focused,87
292,Distracted,87
292,Focused,87
292,Focused,87
292,Focused,87
292,Focused,87
292,Focused,87
292,Focused,87
292,Focused,87
292,Focused,87
292,Focused,87
292,Focused,87
292,Focused,87
292,Focused,87
292,Focused,87
292,Focused,87
292,Focused,87
292,Focused,87
292,Focused,87
292,Focused,87
292,Focused,87
292,Focused,87
292,Focused,87
292,Focused,87
292,Focused,87
292,Focused,87
292,Focused,87
292,Focused,87
293,Focused,87
293,Focused,87
293,Focused,87
293,Focused,87
293,Focused,87
293,Focused,87
293,Focused,87
293,Focused,87
293,Focused,87
293,Focused,87
293,Focused,87
293,Focused,87
293,Distracted,87
293,Focused,87
293,Distracted,87
293,Focused,87
293,Focused,87
294,Focused,87
294,Focused,87
294,Focused,87
294,Focused,87
294,Focused,87
294,Focused,87
294,Focused,87
294,Focused,87
294,Focused,87
294,Focused,87
294,Focused,87
